-- phpMyAdmin SQL Dump
-- version 5.0.4deb2+deb11u1
-- https://www.phpmyadmin.net/
--
-- Hôte : mysql.info.unicaen.fr:3306
-- Généré le : lun. 25 mars 2024 à 09:54
-- Version du serveur :  10.11.4-MariaDB-1~deb12u1-log
-- Version de PHP : 7.4.33

SET SQL_MODE = "NO_AUTO_VALUE_ON_ZERO";
START TRANSACTION;
SET time_zone = "+00:00";


/*!40101 SET @OLD_CHARACTER_SET_CLIENT=@@CHARACTER_SET_CLIENT */;
/*!40101 SET @OLD_CHARACTER_SET_RESULTS=@@CHARACTER_SET_RESULTS */;
/*!40101 SET @OLD_COLLATION_CONNECTION=@@COLLATION_CONNECTION */;
/*!40101 SET NAMES utf8mb4 */;

--
-- Base de données : `suzenne221_5`
--

-- --------------------------------------------------------

--
-- Structure de la table `brands`
--

CREATE TABLE `brands` (
  `brandId` int(11) NOT NULL,
  `brandName` varchar(255) NOT NULL
) ENGINE=InnoDB DEFAULT CHARSET=utf8mb3 COLLATE=utf8mb3_unicode_ci;

--
-- Déchargement des données de la table `brands`
--

INSERT INTO `brands` (`brandId`, `brandName`) VALUES
(1, 'Electra'),
(2, 'Haro'),
(3, 'Heller'),
(4, 'Pure Cycles'),
(5, 'Ritchey'),
(6, 'Strider'),
(7, 'Sun Bicycles'),
(8, 'Surly'),
(9, 'Trek');

-- --------------------------------------------------------

--
-- Structure de la table `categories`
--

CREATE TABLE `categories` (
  `categoryId` int(11) NOT NULL,
  `categoryName` varchar(255) NOT NULL
) ENGINE=InnoDB DEFAULT CHARSET=utf8mb3 COLLATE=utf8mb3_unicode_ci;

--
-- Déchargement des données de la table `categories`
--

INSERT INTO `categories` (`categoryId`, `categoryName`) VALUES
(1, 'Children Bicycles'),
(2, 'Comfort Bicycles'),
(3, 'Cruisers Bicycles'),
(4, 'Cyclocross Bicycles'),
(5, 'Electric Bikes'),
(6, 'Mountain Bikes'),
(7, 'Road Bikes');

-- --------------------------------------------------------

--
-- Structure de la table `employees`
--

CREATE TABLE `employees` (
  `storeId` int(11) DEFAULT NULL,
  `employeeId` int(11) NOT NULL,
  `employeeName` varchar(255) NOT NULL,
  `employeeEmail` varchar(255) NOT NULL,
  `employeePassword` varchar(255) NOT NULL,
  `employeeRole` varchar(255) NOT NULL
) ENGINE=InnoDB DEFAULT CHARSET=utf8mb3 COLLATE=utf8mb3_unicode_ci;

--
-- Déchargement des données de la table `employees`
--

INSERT INTO `employees` (`storeId`, `employeeId`, `employeeName`, `employeeEmail`, `employeePassword`, `employeeRole`) VALUES
(1, 1, 'John Doe', 'johndoe@bikestore.com', 'KQ,wDqd9iGtt', 'employee'),
(1, 2, 'David Costa', 'davidcosta@bikestore.com', 'YDH&jXaDE3Jv', 'employee'),
(1, 3, 'Todd Martell', 'toddmartell@bikestore.com', 'qzFxrnH^dmh4', 'employee'),
(1, 4, 'Adela Marion', 'adelamarion@bikestore.com', 'gxv{4nKJvLUt', 'employee'),
(1, 5, 'Matthew Popp', 'matthewpopp@bikestore.com', 'cbaiWMx8}dFq', 'employee'),
(2, 6, 'Alan Wallin', 'alanwallin@bikestore.com', 'kEyBdZVY@4Ac', 'employee'),
(2, 7, 'Joyce Hinze', 'joycehinze@bikestore.com', 'JMm2rRvd#Jup', 'employee'),
(2, 8, 'Donna Andrews', 'donnaandrews@bikestore.com', 'KeMMyic;X9zp', 'employee'),
(2, 9, 'Andrew Best', 'andrewbest@bikestore.com', 'XRTNP(mGTKF7', 'employee'),
(2, 10, 'Joel Ogle', 'joelogle@bikestore.com', '4eXVWEB%akcb', 'employee'),
(3, 11, 'Sam maraz', 'sammaraz@bikestore.com', 'p8vxkB[ryDtK', 'employee'),
(3, 12, 'Lili Hirt', 'lilihurt@bikestore.com', 'trtVgf9R{Cvw', 'employee'),
(3, 13, 'Michael Stone', 'michaelstone@bikestore.com', 'NWJs2wnmnm%V', 'employee'),
(3, 14, 'Krystel Wolf', 'krystelwolf@bikestore.com', 'LvUiR>kk2dWD', 'employee'),
(3, 15, 'Neva Guttman', 'nevaguttman@bikestore.com', '@o8cmHRyeECm', 'employee'),
(1, 16, 'Davonte Meyer', 'davontemeyer@bikestore.com', 'FR;NuetQu9wE', 'chief'),
(2, 17, 'Joseph Quitz', 'josephquitz@bikestore.com', 'mFLjH6fPaU^E', 'chief'),
(3, 18, 'Jeremie Roth', 'jeremieroth@bikestore.com', 'Hvi>wshhGa2c', 'chief'),
(1, 19, 'Shannah Summer', 'shannahsummer@bikestore.com', 'TVv(cB4mBEiC', 'it');

-- --------------------------------------------------------

--
-- Structure de la table `products`
--

CREATE TABLE `products` (
  `productId` int(11) NOT NULL,
  `productName` varchar(255) NOT NULL,
  `brandId` int(11) NOT NULL,
  `category` int(11) NOT NULL,
  `modelYear` int(11) NOT NULL,
  `listPrice` decimal(10,2) NOT NULL
) ENGINE=InnoDB DEFAULT CHARSET=utf8mb3 COLLATE=utf8mb3_unicode_ci;

--
-- Déchargement des données de la table `products`
--

INSERT INTO `products` (`productId`, `productName`, `brandId`, `category`, `modelYear`, `listPrice`) VALUES
(1, 'Trek 820 - 2016', 9, 6, 2016, '379.99'),
(2, 'Ritchey Timberwolf Frameset - 2016', 5, 6, 2016, '749.99'),
(3, 'Surly Wednesday Frameset - 2016', 8, 6, 2016, '999.99'),
(4, 'Trek Fuel EX 8 29 - 2016', 9, 6, 2016, '2899.99'),
(5, 'Heller Shagamaw Frame - 2016', 3, 6, 2016, '1320.99'),
(6, 'Surly Ice Cream Truck Frameset - 2016', 8, 6, 2016, '469.99'),
(7, 'Trek Slash 8 27.5 - 2016', 9, 6, 2016, '3999.99'),
(8, 'Trek Remedy 29 Carbon Frameset - 2016', 9, 6, 2016, '1799.99'),
(9, 'Trek Conduit+ - 2016', 9, 5, 2016, '2999.99'),
(10, 'Surly Straggler - 2016', 8, 4, 2016, '1549.00'),
(11, 'Surly Straggler 650b - 2016', 8, 4, 2016, '1680.99'),
(12, 'Electra Townie Original 21D - 2016', 1, 3, 2016, '549.99'),
(13, 'Electra Cruiser 1 (24-Inch) - 2016', 1, 3, 2016, '269.99'),
(14, 'Electra Girl\'s Hawaii 1 (16-inch) - 2015/2016', 1, 3, 2016, '269.99'),
(15, 'Electra Moto 1 - 2016', 1, 3, 2016, '529.99'),
(16, 'Electra Townie Original 7D EQ - 2016', 1, 3, 2016, '599.99'),
(17, 'Pure Cycles Vine 8-Speed - 2016', 4, 3, 2016, '429.00'),
(18, 'Pure Cycles Western 3-Speed - Women\'s - 2015/2016', 4, 3, 2016, '449.00'),
(19, 'Pure Cycles William 3-Speed - 2016', 4, 3, 2016, '449.00'),
(20, 'Electra Townie Original 7D EQ - Women\'s - 2016', 1, 3, 2016, '599.99'),
(21, 'Electra Cruiser 1 (24-Inch) - 2016', 1, 1, 2016, '269.99'),
(22, 'Electra Girl\'s Hawaii 1 (16-inch) - 2015/2016', 1, 1, 2016, '269.99'),
(23, 'Electra Girl\'s Hawaii 1 (20-inch) - 2015/2016', 1, 1, 2016, '299.99'),
(24, 'Electra Townie Original 21D - 2016', 1, 2, 2016, '549.99'),
(25, 'Electra Townie Original 7D - 2015/2016', 1, 2, 2016, '499.99'),
(26, 'Electra Townie Original 7D EQ - 2016', 1, 2, 2016, '599.99'),
(27, 'Surly Big Dummy Frameset - 2017', 8, 6, 2017, '999.99'),
(28, 'Surly Karate Monkey 27.5+ Frameset - 2017', 8, 6, 2017, '2499.99'),
(29, 'Trek X-Caliber 8 - 2017', 9, 6, 2017, '999.99'),
(30, 'Surly Ice Cream Truck Frameset - 2017', 8, 6, 2017, '999.99'),
(31, 'Surly Wednesday - 2017', 8, 6, 2017, '1632.99'),
(32, 'Trek Farley Alloy Frameset - 2017', 9, 6, 2017, '469.99'),
(33, 'Surly Wednesday Frameset - 2017', 8, 6, 2017, '469.99'),
(34, 'Trek Session DH 27.5 Carbon Frameset - 2017', 9, 6, 2017, '469.99'),
(35, 'Sun Bicycles Spider 3i - 2017', 7, 6, 2017, '832.99'),
(36, 'Surly Troll Frameset - 2017', 8, 6, 2017, '832.99'),
(37, 'Haro Flightline One ST - 2017', 2, 6, 2017, '379.99'),
(38, 'Haro Flightline Two 26 Plus - 2017', 2, 6, 2017, '549.99'),
(39, 'Trek Stache 5 - 2017', 9, 6, 2017, '1499.99'),
(40, 'Trek Fuel EX 9.8 29 - 2017', 9, 6, 2017, '4999.99'),
(41, 'Haro Shift R3 - 2017', 2, 6, 2017, '1469.99'),
(42, 'Trek Fuel EX 5 27.5 Plus - 2017', 9, 6, 2017, '2299.99'),
(43, 'Trek Fuel EX 9.8 27.5 Plus - 2017', 9, 6, 2017, '5299.99'),
(44, 'Haro SR 1.1 - 2017', 2, 6, 2017, '539.99'),
(45, 'Haro SR 1.2 - 2017', 2, 6, 2017, '869.99'),
(46, 'Haro SR 1.3 - 2017', 2, 6, 2017, '1409.99'),
(47, 'Trek Remedy 9.8 - 2017', 9, 6, 2017, '5299.99'),
(48, 'Trek Emonda S 4 - 2017', 9, 7, 2017, '1499.99'),
(49, 'Trek Domane SL 6 - 2017', 9, 7, 2017, '3499.99'),
(50, 'Trek Silque SLR 7 Women\'s - 2017', 9, 7, 2017, '5999.99'),
(51, 'Trek Silque SLR 8 Women\'s - 2017', 9, 7, 2017, '6499.99'),
(52, 'Surly Steamroller - 2017', 8, 7, 2017, '875.99'),
(53, 'Surly Ogre Frameset - 2017', 8, 7, 2017, '749.99'),
(54, 'Trek Domane SL Disc Frameset - 2017', 9, 7, 2017, '3199.99'),
(55, 'Trek Domane S 6 - 2017', 9, 7, 2017, '2699.99'),
(56, 'Trek Domane SLR 6 Disc - 2017', 9, 7, 2017, '5499.99'),
(57, 'Trek Emonda S 5 - 2017', 9, 7, 2017, '1999.99'),
(58, 'Trek Madone 9.2 - 2017', 9, 7, 2017, '4999.99'),
(59, 'Trek Domane S 5 Disc - 2017', 9, 7, 2017, '2599.99'),
(60, 'Sun Bicycles ElectroLite - 2017', 7, 5, 2017, '1559.99'),
(61, 'Trek Powerfly 8 FS Plus - 2017', 9, 5, 2017, '4999.99'),
(62, 'Trek Boone 7 - 2017', 9, 4, 2017, '3499.99'),
(63, 'Trek Boone Race Shop Limited - 2017', 9, 4, 2017, '3499.99'),
(64, 'Electra Townie Original 7D - 2017', 1, 3, 2017, '489.99'),
(65, 'Sun Bicycles Lil Bolt Type-R - 2017', 7, 3, 2017, '346.99'),
(66, 'Sun Bicycles Revolutions 24 - 2017', 7, 3, 2017, '250.99'),
(67, 'Sun Bicycles Revolutions 24 - Girl\'s - 2017', 7, 3, 2017, '250.99'),
(68, 'Sun Bicycles Cruz 3 - 2017', 7, 3, 2017, '449.99'),
(69, 'Sun Bicycles Cruz 7 - 2017', 7, 3, 2017, '416.99'),
(70, 'Electra Amsterdam Original 3i - 2015/2017', 1, 3, 2017, '659.99'),
(71, 'Sun Bicycles Atlas X-Type - 2017', 7, 3, 2017, '416.99'),
(72, 'Sun Bicycles Biscayne Tandem 7 - 2017', 7, 3, 2017, '619.99'),
(73, 'Sun Bicycles Brickell Tandem 7 - 2017', 7, 3, 2017, '749.99'),
(74, 'Electra Cruiser Lux 1 - 2017', 1, 3, 2017, '439.99'),
(75, 'Electra Cruiser Lux Fat Tire 1 Ladies - 2017', 1, 3, 2017, '599.99'),
(76, 'Electra Girl\'s Hawaii 1 16\" - 2017', 1, 3, 2017, '299.99'),
(77, 'Electra Glam Punk 3i Ladies\' - 2017', 1, 3, 2017, '799.99'),
(78, 'Sun Bicycles Biscayne Tandem CB - 2017', 7, 3, 2017, '647.99'),
(79, 'Sun Bicycles Boardwalk (24-inch Wheels) - 2017', 7, 3, 2017, '402.99'),
(80, 'Sun Bicycles Brickell Tandem CB - 2017', 7, 3, 2017, '761.99'),
(81, 'Electra Amsterdam Fashion 7i Ladies\' - 2017', 1, 3, 2017, '1099.99'),
(82, 'Electra Amsterdam Original 3i Ladies\' - 2017', 1, 3, 2017, '659.99'),
(83, 'Trek Boy\'s Kickster - 2015/2017', 9, 1, 2017, '149.99'),
(84, 'Sun Bicycles Lil Kitt\'n - 2017', 7, 1, 2017, '109.99'),
(85, 'Haro Downtown 16 - 2017', 2, 1, 2017, '329.99'),
(86, 'Trek Girl\'s Kickster - 2017', 9, 1, 2017, '149.99'),
(87, 'Trek Precaliber 12 Boys - 2017', 9, 1, 2017, '189.99'),
(88, 'Trek Precaliber 12 Girls - 2017', 9, 1, 2017, '189.99'),
(89, 'Trek Precaliber 16 Boys - 2017', 9, 1, 2017, '209.99'),
(90, 'Trek Precaliber 16 Girls - 2017', 9, 1, 2017, '209.99'),
(91, 'Trek Precaliber 24 (21-Speed) - Girls - 2017', 9, 1, 2017, '349.99'),
(92, 'Haro Shredder 20 - 2017', 2, 1, 2017, '209.99'),
(93, 'Haro Shredder 20 Girls - 2017', 2, 1, 2017, '209.99'),
(94, 'Haro Shredder Pro 20 - 2017', 2, 1, 2017, '249.99'),
(95, 'Electra Girl\'s Hawaii 1 16\" - 2017', 1, 1, 2017, '299.99'),
(96, 'Electra Moto 3i (20-inch) - Boy\'s - 2017', 1, 1, 2017, '349.99'),
(97, 'Electra Savannah 3i (20-inch) - Girl\'s - 2017', 1, 1, 2017, '349.99'),
(98, 'Electra Straight 8 3i (20-inch) - Boy\'s - 2017', 1, 1, 2017, '489.99'),
(99, 'Electra Sugar Skulls 1 (20-inch) - Girl\'s - 2017', 1, 1, 2017, '299.99'),
(100, 'Electra Townie 3i EQ (20-inch) - Boys\' - 2017', 1, 1, 2017, '489.99'),
(101, 'Electra Townie 7D (20-inch) - Boys\' - 2017', 1, 1, 2017, '339.99'),
(102, 'Electra Townie Original 7D - 2017', 1, 2, 2017, '489.99'),
(103, 'Sun Bicycles Streamway 3 - 2017', 7, 2, 2017, '551.99'),
(104, 'Sun Bicycles Streamway - 2017', 7, 2, 2017, '481.99'),
(105, 'Sun Bicycles Streamway 7 - 2017', 7, 2, 2017, '533.99'),
(106, 'Sun Bicycles Cruz 3 - 2017', 7, 2, 2017, '449.99'),
(107, 'Sun Bicycles Cruz 7 - 2017', 7, 2, 2017, '416.99'),
(108, 'Sun Bicycles Cruz 3 - Women\'s - 2017', 7, 2, 2017, '449.99'),
(109, 'Sun Bicycles Cruz 7 - Women\'s - 2017', 7, 2, 2017, '416.99'),
(110, 'Sun Bicycles Drifter 7 - 2017', 7, 2, 2017, '470.99'),
(111, 'Sun Bicycles Drifter 7 - Women\'s - 2017', 7, 2, 2017, '470.99'),
(112, 'Trek 820 - 2018', 9, 6, 2018, '379.99'),
(113, 'Trek Marlin 5 - 2018', 9, 6, 2018, '489.99'),
(114, 'Trek Marlin 6 - 2018', 9, 6, 2018, '579.99'),
(115, 'Trek Fuel EX 8 29 - 2018', 9, 6, 2018, '3199.99'),
(116, 'Trek Marlin 7 - 2017/2018', 9, 6, 2018, '749.99'),
(117, 'Trek Ticket S Frame - 2018', 9, 6, 2018, '1469.99'),
(118, 'Trek X-Caliber 8 - 2018', 9, 6, 2018, '999.99'),
(119, 'Trek Kids\' Neko - 2018', 9, 6, 2018, '469.99'),
(120, 'Trek Fuel EX 7 29 - 2018', 9, 6, 2018, '2499.99'),
(121, 'Surly Krampus Frameset - 2018', 8, 6, 2018, '2499.99'),
(122, 'Surly Troll Frameset - 2018', 8, 6, 2018, '2499.99'),
(123, 'Trek Farley Carbon Frameset - 2018', 9, 6, 2018, '999.99'),
(124, 'Surly Krampus - 2018', 8, 6, 2018, '1499.00'),
(125, 'Trek Kids\' Dual Sport - 2018', 9, 6, 2018, '469.99'),
(126, 'Surly Big Fat Dummy Frameset - 2018', 8, 6, 2018, '469.99'),
(127, 'Surly Pack Rat Frameset - 2018', 8, 6, 2018, '469.99'),
(128, 'Surly ECR 27.5 - 2018', 8, 6, 2018, '1899.00'),
(129, 'Trek X-Caliber 7 - 2018', 9, 6, 2018, '919.99'),
(130, 'Trek Stache Carbon Frameset - 2018', 9, 6, 2018, '919.99'),
(131, 'Heller Bloodhound Trail - 2018', 3, 6, 2018, '2599.00'),
(132, 'Trek Procal AL Frameset - 2018', 9, 6, 2018, '1499.99'),
(133, 'Trek Procaliber Frameset - 2018', 9, 6, 2018, '1499.99'),
(134, 'Trek Remedy 27.5 C Frameset - 2018', 9, 6, 2018, '1499.99'),
(135, 'Trek X-Caliber Frameset - 2018', 9, 6, 2018, '1499.99'),
(136, 'Trek Procaliber 6 - 2018', 9, 6, 2018, '1799.99'),
(137, 'Heller Shagamaw GX1 - 2018', 3, 6, 2018, '2599.00'),
(138, 'Trek Fuel EX 5 Plus - 2018', 9, 6, 2018, '2249.99'),
(139, 'Trek Remedy 7 27.5 - 2018', 9, 6, 2018, '2999.99'),
(140, 'Trek Remedy 9.8 27.5 - 2018', 9, 6, 2018, '4999.99'),
(141, 'Trek Stache 5 - 2018', 9, 6, 2018, '1599.99'),
(142, 'Trek Fuel EX 8 29 XT - 2018', 9, 6, 2018, '3199.99'),
(143, 'Trek Domane ALR 3 - 2018', 9, 7, 2018, '1099.99'),
(144, 'Trek Domane ALR 4 Disc - 2018', 9, 7, 2018, '1549.99'),
(145, 'Trek Domane ALR 5 Disc - 2018', 9, 7, 2018, '1799.99'),
(146, 'Trek Domane SLR 6 - 2018', 9, 7, 2018, '4999.99'),
(147, 'Trek Domane ALR 5 Gravel - 2018', 9, 7, 2018, '1799.99'),
(148, 'Trek Domane SL 8 Disc - 2018', 9, 7, 2018, '5499.99'),
(149, 'Trek Domane SLR 8 Disc - 2018', 9, 7, 2018, '7499.99'),
(150, 'Trek Emonda SL 7 - 2018', 9, 7, 2018, '4499.99'),
(151, 'Trek Domane ALR 4 Disc Women\'s - 2018', 9, 7, 2018, '1549.99'),
(152, 'Trek Domane SL 5 Disc Women\'s - 2018', 9, 7, 2018, '2499.99'),
(153, 'Trek Domane SL 7 Women\'s - 2018', 9, 7, 2018, '4999.99'),
(154, 'Trek Domane SLR 6 Disc Women\'s - 2018', 9, 7, 2018, '5499.99'),
(155, 'Trek Domane SLR 9 Disc - 2018', 9, 7, 2018, '11999.99'),
(156, 'Trek Domane SL Frameset - 2018', 9, 7, 2018, '6499.99'),
(157, 'Trek Domane SL Frameset Women\'s - 2018', 9, 7, 2018, '6499.99'),
(158, 'Trek CrossRip 1 - 2018', 9, 7, 2018, '959.99'),
(159, 'Trek Emonda ALR 6 - 2018', 9, 7, 2018, '2299.99'),
(160, 'Trek Emonda SLR 6 - 2018', 9, 7, 2018, '4499.99'),
(161, 'Surly ECR - 2018', 8, 7, 2018, '1899.00'),
(162, 'Trek Emonda SL 6 Disc - 2018', 9, 7, 2018, '2999.99'),
(163, 'Surly Pack Rat - 2018', 8, 7, 2018, '1349.00'),
(164, 'Surly Straggler 650b - 2018', 8, 7, 2018, '1549.00'),
(165, 'Trek 1120 - 2018', 9, 7, 2018, '2499.99'),
(166, 'Trek Domane AL 2 Women\'s - 2018', 9, 7, 2018, '749.99'),
(167, 'Surly ECR Frameset - 2018', 8, 7, 2018, '749.99'),
(168, 'Surly Straggler - 2018', 8, 7, 2018, '1549.00'),
(169, 'Trek Emonda SLR 8 - 2018', 9, 7, 2018, '6499.99'),
(170, 'Trek CrossRip 2 - 2018', 9, 7, 2018, '1299.99'),
(171, 'Trek Domane SL 6 - 2018', 9, 7, 2018, '3199.99'),
(172, 'Trek Domane ALR Disc Frameset - 2018', 9, 7, 2018, '3199.99'),
(173, 'Trek Domane ALR Frameset - 2018', 9, 7, 2018, '3199.99'),
(174, 'Trek Domane SLR Disc Frameset - 2018', 9, 7, 2018, '3199.99'),
(175, 'Trek Domane SLR Frameset - 2018', 9, 7, 2018, '3199.99'),
(176, 'Trek Madone 9 Frameset - 2018', 9, 7, 2018, '3199.99'),
(177, 'Trek Domane SLR 6 Disc - 2018', 9, 7, 2018, '5499.99'),
(178, 'Trek Domane AL 2 - 2018', 9, 7, 2018, '749.99'),
(179, 'Trek Domane AL 3 - 2018', 9, 7, 2018, '919.99'),
(180, 'Trek Domane AL 3 Women\'s - 2018', 9, 7, 2018, '919.99'),
(181, 'Trek Domane SL 5 - 2018', 9, 7, 2018, '2199.99'),
(182, 'Trek Domane SL 5 Disc - 2018', 9, 7, 2018, '2499.99'),
(183, 'Trek Domane SL 5 Women\'s - 2018', 9, 7, 2018, '2199.99'),
(184, 'Trek Domane SL 6 Disc - 2018', 9, 7, 2018, '3499.99'),
(185, 'Trek Conduit+ - 2018', 9, 5, 2018, '2799.99'),
(186, 'Trek CrossRip+ - 2018', 9, 5, 2018, '4499.99'),
(187, 'Trek Neko+ - 2018', 9, 5, 2018, '2799.99'),
(188, 'Trek XM700+ Lowstep - 2018', 9, 5, 2018, '3499.99'),
(189, 'Trek Lift+ Lowstep - 2018', 9, 5, 2018, '2799.99'),
(190, 'Trek Dual Sport+ - 2018', 9, 5, 2018, '2799.99'),
(191, 'Electra Loft Go! 8i - 2018', 1, 5, 2018, '2799.99'),
(192, 'Electra Townie Go! 8i - 2017/2018', 1, 5, 2018, '2599.99'),
(193, 'Trek Lift+ - 2018', 9, 5, 2018, '2799.99'),
(194, 'Trek XM700+ - 2018', 9, 5, 2018, '3499.99'),
(195, 'Electra Townie Go! 8i Ladies\' - 2018', 1, 5, 2018, '2599.99'),
(196, 'Trek Verve+ - 2018', 9, 5, 2018, '2299.99'),
(197, 'Trek Verve+ Lowstep - 2018', 9, 5, 2018, '2299.99'),
(198, 'Electra Townie Commute Go! - 2018', 1, 5, 2018, '2999.99'),
(199, 'Electra Townie Commute Go! Ladies\' - 2018', 1, 5, 2018, '2999.99'),
(200, 'Trek Powerfly 5 - 2018', 9, 5, 2018, '3499.99'),
(201, 'Trek Powerfly 5 FS - 2018', 9, 5, 2018, '4499.99'),
(202, 'Trek Powerfly 5 Women\'s - 2018', 9, 5, 2018, '3499.99'),
(203, 'Trek Powerfly 7 FS - 2018', 9, 5, 2018, '4999.99'),
(204, 'Trek Super Commuter+ 7 - 2018', 9, 5, 2018, '3599.99'),
(205, 'Trek Super Commuter+ 8S - 2018', 9, 5, 2018, '4999.99'),
(206, 'Trek Boone 5 Disc - 2018', 9, 4, 2018, '3299.99'),
(207, 'Trek Boone 7 Disc - 2018', 9, 4, 2018, '3999.99'),
(208, 'Trek Crockett 5 Disc - 2018', 9, 4, 2018, '1799.99'),
(209, 'Trek Crockett 7 Disc - 2018', 9, 4, 2018, '2999.99'),
(210, 'Surly Straggler - 2018', 8, 4, 2018, '1549.00'),
(211, 'Surly Straggler 650b - 2018', 8, 4, 2018, '1549.00'),
(212, 'Electra Townie Original 21D - 2018', 1, 3, 2018, '559.99'),
(213, 'Electra Cruiser 1 - 2016/2017/2018', 1, 3, 2018, '269.99'),
(214, 'Electra Tiger Shark 3i - 2018', 1, 3, 2018, '899.99'),
(215, 'Electra Queen of Hearts 3i - 2018', 1, 3, 2018, '749.99'),
(216, 'Electra Super Moto 8i - 2018', 1, 3, 2018, '899.99'),
(217, 'Electra Straight 8 3i - 2018', 1, 3, 2018, '909.99'),
(218, 'Electra Cruiser 7D - 2016/2017/2018', 1, 3, 2018, '319.99'),
(219, 'Electra Moto 3i - 2018', 1, 3, 2018, '639.99'),
(220, 'Electra Cruiser 1 Ladies\' - 2018', 1, 3, 2018, '269.99'),
(221, 'Electra Cruiser 7D Ladies\' - 2016/2018', 1, 3, 2018, '319.99'),
(222, 'Electra Cruiser 1 Tall - 2016/2018', 1, 3, 2018, '269.99'),
(223, 'Electra Cruiser Lux 3i - 2018', 1, 3, 2018, '529.99'),
(224, 'Electra Cruiser Lux 7D - 2018', 1, 3, 2018, '479.99'),
(225, 'Electra Delivery 3i - 2016/2017/2018', 1, 3, 2018, '959.99'),
(226, 'Electra Townie Original 21D EQ - 2017/2018', 1, 3, 2018, '679.99'),
(227, 'Electra Cruiser 7D (24-Inch) Ladies\' - 2016/2018', 1, 3, 2018, '319.99'),
(228, 'Electra Cruiser 7D Tall - 2016/2018', 1, 3, 2018, '319.99'),
(229, 'Electra Cruiser Lux 1 - 2016/2018', 1, 3, 2018, '429.99'),
(230, 'Electra Cruiser Lux 1 Ladies\' - 2018', 1, 3, 2018, '429.99'),
(231, 'Electra Cruiser Lux 3i Ladies\' - 2018', 1, 3, 2018, '529.99'),
(232, 'Electra Cruiser Lux 7D Ladies\' - 2018', 1, 3, 2018, '479.99'),
(233, 'Electra Cruiser Lux Fat Tire 7D - 2018', 1, 3, 2018, '639.99'),
(234, 'Electra Daydreamer 3i Ladies\' - 2018', 1, 3, 2018, '899.99'),
(235, 'Electra Koa 3i Ladies\' - 2018', 1, 3, 2018, '899.99'),
(236, 'Electra Morningstar 3i Ladies\' - 2018', 1, 3, 2018, '749.99'),
(237, 'Electra Relic 3i - 2018', 1, 3, 2018, '849.99'),
(238, 'Electra Townie Balloon 8D EQ - 2016/2017/2018', 1, 3, 2018, '749.99'),
(239, 'Electra Townie Balloon 8D EQ Ladies\' - 2016/2017/2018', 1, 3, 2018, '749.99'),
(240, 'Electra Townie Commute 27D Ladies - 2018', 1, 3, 2018, '899.99'),
(241, 'Electra Townie Commute 8D - 2018', 1, 3, 2018, '749.99'),
(242, 'Electra Townie Commute 8D Ladies\' - 2018', 1, 3, 2018, '699.99'),
(243, 'Electra Townie Original 21D EQ Ladies\' - 2018', 1, 3, 2018, '679.99'),
(244, 'Electra Townie Original 21D Ladies\' - 2018', 1, 3, 2018, '559.99'),
(245, 'Electra Townie Original 3i EQ - 2017/2018', 1, 3, 2018, '659.99'),
(246, 'Electra Townie Original 3i EQ Ladies\' - 2018', 1, 3, 2018, '639.99'),
(247, 'Electra Townie Original 7D EQ - 2018', 1, 3, 2018, '599.99'),
(248, 'Electra Townie Original 7D EQ Ladies\' - 2017/2018', 1, 3, 2018, '599.99'),
(249, 'Electra White Water 3i - 2018', 1, 3, 2018, '749.99'),
(250, 'Electra Townie Go! 8i - 2017/2018', 1, 3, 2018, '2599.99'),
(251, 'Electra Townie Commute Go! - 2018', 1, 3, 2018, '2999.99'),
(252, 'Electra Townie Commute Go! Ladies\' - 2018', 1, 3, 2018, '2999.99'),
(253, 'Electra Townie Go! 8i Ladies\' - 2018', 1, 3, 2018, '2599.99'),
(254, 'Electra Townie Balloon 3i EQ - 2017/2018', 1, 3, 2018, '749.99'),
(255, 'Electra Townie Balloon 7i EQ Ladies\' - 2017/2018', 1, 3, 2018, '899.99'),
(256, 'Electra Townie Commute 27D - 2018', 1, 3, 2018, '899.99'),
(257, 'Electra Amsterdam Fashion 3i Ladies\' - 2017/2018', 1, 3, 2018, '899.99'),
(258, 'Electra Amsterdam Royal 8i - 2017/2018', 1, 3, 2018, '1259.90'),
(259, 'Electra Amsterdam Royal 8i Ladies - 2018', 1, 3, 2018, '1199.99'),
(260, 'Electra Townie Balloon 3i EQ Ladies\' - 2018', 1, 3, 2018, '799.99'),
(261, 'Electra Townie Balloon 7i EQ - 2018', 1, 3, 2018, '899.99'),
(262, 'Trek MT 201 - 2018', 9, 1, 2018, '249.99'),
(263, 'Strider Classic 12 Balance Bike - 2018', 6, 1, 2018, '89.99'),
(264, 'Strider Sport 16 - 2018', 6, 1, 2018, '249.99'),
(265, 'Strider Strider 20 Sport - 2018', 6, 1, 2018, '289.99'),
(266, 'Trek Superfly 20 - 2018', 9, 1, 2018, '399.99'),
(267, 'Trek Precaliber 12 Girl\'s - 2018', 9, 1, 2018, '199.99'),
(268, 'Trek Kickster - 2018', 9, 1, 2018, '159.99'),
(269, 'Trek Precaliber 12 Boy\'s - 2018', 9, 1, 2018, '199.99'),
(270, 'Trek Precaliber 16 Boy\'s - 2018', 9, 1, 2018, '209.99'),
(271, 'Trek Precaliber 16 Girl\'s - 2018', 9, 1, 2018, '209.99'),
(272, 'Trek Precaliber 20 6-speed Boy\'s - 2018', 9, 1, 2018, '289.99'),
(273, 'Trek Precaliber 20 6-speed Girl\'s - 2018', 9, 1, 2018, '289.99'),
(274, 'Trek Precaliber 20 Boy\'s - 2018', 9, 1, 2018, '229.99'),
(275, 'Trek Precaliber 20 Girl\'s - 2018', 9, 1, 2018, '229.99'),
(276, 'Trek Precaliber 24 (7-Speed) - Boys - 2018', 9, 1, 2018, '319.99'),
(277, 'Trek Precaliber 24 21-speed Boy\'s - 2018', 9, 1, 2018, '369.99'),
(278, 'Trek Precaliber 24 21-speed Girl\'s - 2018', 9, 1, 2018, '369.99'),
(279, 'Trek Precaliber 24 7-speed Girl\'s - 2018', 9, 1, 2018, '319.99'),
(280, 'Trek Superfly 24 - 2017/2018', 9, 1, 2018, '489.99'),
(281, 'Electra Cruiser 7D (24-Inch) Ladies\' - 2016/2018', 1, 1, 2018, '319.99'),
(282, 'Electra Cyclosaurus 1 (16-inch) - Boy\'s - 2018', 1, 1, 2018, '279.99'),
(283, 'Electra Heartchya 1 (20-inch) - Girl\'s - 2018', 1, 1, 2018, '319.99'),
(284, 'Electra Savannah 1 (20-inch) - Girl\'s - 2018', 1, 1, 2018, '319.99'),
(285, 'Electra Soft Serve 1 (16-inch) - Girl\'s - 2018', 1, 1, 2018, '279.99'),
(286, 'Electra Starship 1 16\" - 2018', 1, 1, 2018, '279.99'),
(287, 'Electra Straight 8 1 (16-inch) - Boy\'s - 2018', 1, 1, 2018, '279.99'),
(288, 'Electra Straight 8 1 (20-inch) - Boy\'s - 2018', 1, 1, 2018, '389.99'),
(289, 'Electra Superbolt 1 20\" - 2018', 1, 1, 2018, '319.99'),
(290, 'Electra Superbolt 3i 20\" - 2018', 1, 1, 2018, '369.99'),
(291, 'Electra Sweet Ride 1 (20-inch) - Girl\'s - 2018', 1, 1, 2018, '319.99'),
(292, 'Electra Sweet Ride 3i (20-inch) - Girls\' - 2018', 1, 1, 2018, '369.99'),
(293, 'Electra Tiger Shark 1 (20-inch) - Boys\' - 2018', 1, 1, 2018, '319.99'),
(294, 'Electra Tiger Shark 3i (20-inch) - Boys\' - 2018', 1, 1, 2018, '369.99'),
(295, 'Electra Treasure 1 20\" - 2018', 1, 1, 2018, '319.99'),
(296, 'Electra Treasure 3i 20\" - 2018', 1, 1, 2018, '369.99'),
(297, 'Electra Under-The-Sea 1 16\" - 2018', 1, 1, 2018, '279.99'),
(298, 'Electra Water Lily 1 (16-inch) - Girl\'s - 2018', 1, 1, 2018, '279.99'),
(299, 'Electra Townie Original 21D - 2018', 1, 2, 2018, '559.99'),
(300, 'Electra Townie Balloon 3i EQ Ladies\' - 2018', 1, 2, 2018, '799.99'),
(301, 'Electra Townie Balloon 7i EQ - 2018', 1, 2, 2018, '899.99'),
(302, 'Electra Townie Original 1 - 2018', 1, 2, 2018, '449.99'),
(303, 'Electra Townie Go! 8i - 2017/2018', 1, 2, 2018, '2599.99'),
(304, 'Electra Townie Original 21D EQ - 2017/2018', 1, 2, 2018, '679.99'),
(305, 'Electra Townie Balloon 3i EQ - 2017/2018', 1, 2, 2018, '749.99'),
(306, 'Electra Townie Balloon 7i EQ Ladies\' - 2017/2018', 1, 2, 2018, '899.99'),
(307, 'Electra Townie Balloon 8D EQ - 2016/2017/2018', 1, 2, 2018, '749.99'),
(308, 'Electra Townie Balloon 8D EQ Ladies\' - 2016/2017/2018', 1, 2, 2018, '749.99'),
(309, 'Electra Townie Commute 27D - 2018', 1, 2, 2018, '899.99'),
(310, 'Electra Townie Commute 27D Ladies - 2018', 1, 2, 2018, '899.99'),
(311, 'Electra Townie Commute 8D - 2018', 1, 2, 2018, '749.99'),
(312, 'Electra Townie Commute 8D Ladies\' - 2018', 1, 2, 2018, '699.99'),
(313, 'Electra Townie Original 1 Ladies\' - 2018', 1, 2, 2018, '449.99'),
(314, 'Electra Townie Original 21D EQ Ladies\' - 2018', 1, 2, 2018, '679.99'),
(315, 'Electra Townie Original 21D Ladies\' - 2018', 1, 2, 2018, '559.99'),
(316, 'Trek Checkpoint ALR 4 Women\'s - 2019', 9, 7, 2019, '1699.99'),
(317, 'Trek Checkpoint ALR 5 - 2019', 9, 7, 2019, '1999.99'),
(318, 'Trek Checkpoint ALR 5 Women\'s - 2019', 9, 7, 2019, '1999.99'),
(319, 'Trek Checkpoint SL 5 Women\'s - 2019', 9, 7, 2019, '2799.99'),
(320, 'Trek Checkpoint SL 6 - 2019', 9, 7, 2019, '3799.99'),
(321, 'Trek Checkpoint ALR Frameset - 2019', 9, 7, 2019, '3199.99');

-- --------------------------------------------------------

--
-- Structure de la table `stocks`
--

CREATE TABLE `stocks` (
  `storeId` int(11) DEFAULT NULL,
  `productId` int(11) DEFAULT NULL,
  `stockId` int(11) NOT NULL,
  `quantity` int(11) DEFAULT NULL
) ENGINE=InnoDB DEFAULT CHARSET=utf8mb3 COLLATE=utf8mb3_unicode_ci;

--
-- Déchargement des données de la table `stocks`
--

INSERT INTO `stocks` (`storeId`, `productId`, `stockId`, `quantity`) VALUES
(1, 1, 52, 27),
(1, 2, 53, 5),
(1, 3, 54, 6),
(1, 4, 55, 23),
(1, 5, 56, 22),
(1, 6, 57, 0),
(1, 7, 58, 8),
(1, 8, 59, 0),
(1, 9, 60, 11),
(1, 10, 61, 15),
(1, 11, 62, 8),
(1, 12, 63, 16),
(1, 13, 64, 13),
(1, 14, 65, 8),
(1, 15, 66, 3),
(1, 16, 67, 4),
(1, 17, 68, 2),
(1, 18, 69, 16),
(1, 19, 70, 4),
(1, 20, 71, 26),
(1, 21, 72, 24),
(1, 22, 73, 29),
(1, 23, 74, 9),
(1, 24, 75, 10),
(1, 25, 76, 10),
(1, 26, 77, 16),
(1, 27, 78, 21),
(1, 28, 79, 20),
(1, 29, 80, 13),
(1, 30, 81, 30),
(1, 31, 82, 2),
(1, 32, 83, 0),
(1, 33, 84, 10),
(1, 34, 85, 2),
(1, 35, 86, 18),
(1, 36, 87, 26),
(1, 37, 88, 12),
(1, 38, 89, 13),
(1, 39, 90, 2),
(1, 40, 91, 24),
(1, 41, 92, 10),
(1, 42, 93, 0),
(1, 43, 94, 2),
(1, 44, 95, 1),
(1, 45, 96, 15),
(1, 46, 97, 19),
(1, 47, 98, 21),
(1, 48, 99, 5),
(1, 49, 100, 8),
(1, 50, 101, 29),
(1, 51, 102, 2),
(1, 52, 103, 18),
(1, 53, 104, 17),
(1, 54, 105, 11),
(1, 55, 106, 11),
(1, 56, 107, 15),
(1, 57, 108, 1),
(1, 58, 109, 1),
(1, 59, 110, 22),
(1, 60, 111, 19),
(1, 61, 112, 30),
(1, 62, 113, 21),
(1, 63, 114, 4),
(1, 64, 115, 30),
(1, 65, 116, 10),
(1, 66, 117, 12),
(1, 67, 118, 19),
(1, 68, 119, 30),
(1, 69, 120, 4),
(1, 70, 121, 3),
(1, 71, 122, 25),
(1, 72, 123, 9),
(1, 73, 124, 7),
(1, 74, 125, 9),
(1, 75, 126, 23),
(1, 76, 127, 15),
(1, 77, 128, 16),
(1, 78, 129, 13),
(1, 79, 130, 13),
(1, 80, 131, 11),
(1, 81, 132, 25),
(1, 82, 133, 1),
(1, 83, 134, 13),
(1, 84, 135, 11),
(1, 85, 136, 23),
(1, 86, 137, 19),
(1, 87, 138, 27),
(1, 88, 139, 7),
(1, 89, 140, 9),
(1, 90, 141, 4),
(1, 91, 142, 8),
(1, 92, 143, 0),
(1, 93, 144, 22),
(1, 94, 145, 6),
(1, 95, 146, 25),
(1, 96, 147, 20),
(1, 97, 148, 20),
(1, 98, 149, 28),
(1, 99, 150, 28),
(1, 100, 151, 15),
(1, 101, 152, 17),
(1, 102, 153, 9),
(1, 103, 154, 13),
(1, 104, 155, 25),
(1, 105, 156, 7),
(1, 106, 157, 30),
(1, 107, 158, 20),
(1, 108, 159, 15),
(1, 109, 160, 30),
(1, 110, 161, 1),
(1, 111, 162, 11),
(1, 112, 163, 17),
(1, 113, 164, 24),
(1, 114, 165, 3),
(1, 115, 166, 10),
(1, 116, 167, 24),
(1, 117, 168, 15),
(1, 118, 169, 12),
(1, 119, 170, 17),
(1, 120, 171, 23),
(1, 121, 172, 19),
(1, 122, 173, 22),
(1, 123, 174, 8),
(1, 124, 175, 23),
(1, 125, 176, 22),
(1, 126, 177, 28),
(1, 127, 178, 12),
(1, 128, 179, 11),
(1, 129, 180, 21),
(1, 130, 181, 22),
(1, 131, 182, 20),
(1, 132, 183, 1),
(1, 133, 184, 9),
(1, 134, 185, 26),
(1, 135, 186, 15),
(1, 136, 187, 12),
(1, 137, 188, 12),
(1, 138, 189, 6),
(1, 139, 190, 17),
(1, 140, 191, 3),
(1, 141, 192, 21),
(1, 142, 193, 22),
(1, 143, 194, 19),
(1, 144, 195, 7),
(1, 145, 196, 5),
(1, 146, 197, 6),
(1, 147, 198, 8),
(1, 148, 199, 6),
(1, 149, 200, 1),
(1, 150, 201, 22),
(1, 151, 202, 24),
(1, 152, 203, 12),
(1, 153, 204, 25),
(1, 154, 205, 13),
(1, 155, 206, 8),
(1, 156, 207, 13),
(1, 157, 208, 25),
(1, 158, 209, 11),
(1, 159, 210, 18),
(1, 160, 211, 0),
(1, 161, 212, 17),
(1, 162, 213, 14),
(1, 163, 214, 0),
(1, 164, 215, 15),
(1, 165, 216, 16),
(1, 166, 217, 23),
(1, 167, 218, 28),
(1, 168, 219, 0),
(1, 169, 220, 25),
(1, 170, 221, 14),
(1, 171, 222, 3),
(1, 172, 223, 3),
(1, 173, 224, 2),
(1, 174, 225, 26),
(1, 175, 226, 2),
(1, 176, 227, 11),
(1, 177, 228, 19),
(1, 178, 229, 23),
(1, 179, 230, 16),
(1, 180, 231, 5),
(1, 181, 232, 19),
(1, 182, 233, 28),
(1, 183, 234, 11),
(1, 184, 235, 4),
(1, 185, 236, 3),
(1, 186, 237, 1),
(1, 187, 238, 16),
(1, 188, 239, 30),
(1, 189, 240, 6),
(1, 190, 241, 21),
(1, 191, 242, 21),
(1, 192, 243, 20),
(1, 193, 244, 30),
(1, 194, 245, 24),
(1, 195, 246, 1),
(1, 196, 247, 26),
(1, 197, 248, 22),
(1, 198, 249, 1),
(1, 199, 250, 2),
(1, 200, 251, 27),
(1, 201, 252, 16),
(1, 202, 253, 5),
(1, 203, 254, 4),
(1, 204, 255, 23),
(1, 205, 256, 9),
(1, 206, 257, 10),
(1, 207, 258, 27),
(1, 208, 259, 13),
(1, 209, 260, 22),
(1, 210, 261, 25),
(1, 211, 262, 13),
(1, 212, 263, 17),
(1, 213, 264, 14),
(1, 214, 265, 4),
(1, 215, 266, 1),
(1, 216, 267, 11),
(1, 217, 268, 11),
(1, 218, 269, 27),
(1, 219, 270, 30),
(1, 220, 271, 4),
(1, 221, 272, 7),
(1, 222, 273, 12),
(1, 223, 274, 3),
(1, 224, 275, 16),
(1, 225, 276, 24),
(1, 226, 277, 18),
(1, 227, 278, 19),
(1, 228, 279, 22),
(1, 229, 280, 27),
(1, 230, 281, 7),
(1, 231, 282, 25),
(1, 232, 283, 5),
(1, 233, 284, 5),
(1, 234, 285, 13),
(1, 235, 286, 7),
(1, 236, 287, 18),
(1, 237, 288, 26),
(1, 238, 289, 20),
(1, 239, 290, 28),
(1, 240, 291, 17),
(1, 241, 292, 17),
(1, 242, 293, 10),
(1, 243, 294, 11),
(1, 244, 295, 10),
(1, 245, 296, 3),
(1, 246, 297, 0),
(1, 247, 298, 15),
(1, 248, 299, 14),
(1, 249, 300, 27),
(1, 250, 301, 3),
(1, 251, 302, 2),
(1, 252, 303, 28),
(1, 253, 304, 16),
(1, 254, 305, 24),
(1, 255, 306, 13),
(1, 256, 307, 20),
(1, 257, 308, 17),
(1, 258, 309, 25),
(1, 259, 310, 10),
(1, 260, 311, 20),
(1, 261, 312, 3),
(1, 262, 313, 6),
(1, 263, 314, 21),
(1, 264, 315, 16),
(1, 265, 316, 28),
(1, 266, 317, 1),
(1, 267, 318, 27),
(1, 268, 319, 23),
(1, 269, 320, 22),
(1, 270, 321, 16),
(1, 271, 322, 6),
(1, 272, 323, 14),
(1, 273, 324, 20),
(1, 274, 325, 19),
(1, 275, 326, 28),
(1, 276, 327, 7),
(1, 277, 328, 13),
(1, 278, 329, 17),
(1, 279, 330, 17),
(1, 280, 331, 23),
(1, 281, 332, 11),
(1, 282, 333, 6),
(1, 283, 334, 10),
(1, 284, 335, 27),
(1, 285, 336, 20),
(1, 286, 337, 28),
(1, 287, 338, 2),
(1, 288, 339, 9),
(1, 289, 340, 2),
(1, 290, 341, 8),
(1, 291, 342, 9),
(1, 292, 343, 30),
(1, 293, 344, 18),
(1, 294, 345, 3),
(1, 295, 346, 24),
(1, 296, 347, 9),
(1, 297, 348, 22),
(1, 298, 349, 26),
(1, 299, 350, 18),
(1, 300, 351, 7),
(1, 301, 352, 10),
(1, 302, 353, 0),
(1, 303, 354, 12),
(1, 304, 355, 15),
(1, 305, 356, 23),
(1, 306, 357, 21),
(1, 307, 358, 17),
(1, 308, 359, 23),
(1, 309, 360, 7),
(1, 310, 361, 18),
(1, 311, 362, 20),
(1, 312, 363, 23),
(1, 313, 364, 14),
(2, 1, 365, 14),
(2, 2, 366, 16),
(2, 3, 367, 28),
(2, 4, 368, 2),
(2, 5, 369, 1),
(2, 6, 370, 11),
(2, 7, 371, 8),
(2, 8, 372, 1),
(2, 9, 373, 17),
(2, 10, 374, 13),
(2, 11, 375, 21),
(2, 12, 376, 2),
(2, 13, 377, 1),
(2, 14, 378, 18),
(2, 15, 379, 6),
(2, 16, 380, 20),
(2, 17, 381, 3),
(2, 18, 382, 13),
(2, 19, 383, 15),
(2, 20, 384, 20),
(2, 21, 385, 16),
(2, 22, 386, 0),
(2, 23, 387, 12),
(2, 24, 388, 16),
(2, 25, 389, 18),
(2, 26, 390, 2),
(2, 27, 391, 10),
(2, 28, 392, 25),
(2, 29, 393, 29),
(2, 30, 394, 17),
(2, 31, 395, 10),
(2, 32, 396, 13),
(2, 33, 397, 8),
(2, 34, 398, 24),
(2, 35, 399, 25),
(2, 36, 400, 15),
(2, 37, 401, 5),
(2, 38, 402, 18),
(2, 39, 403, 28),
(2, 40, 404, 15),
(2, 41, 405, 6),
(2, 42, 406, 16),
(2, 43, 407, 2),
(2, 44, 408, 24),
(2, 45, 409, 13),
(2, 46, 410, 18),
(2, 47, 411, 0),
(2, 48, 412, 20),
(2, 49, 413, 4),
(2, 50, 414, 7),
(2, 51, 415, 8),
(2, 52, 416, 23),
(2, 53, 417, 19),
(2, 54, 418, 6),
(2, 55, 419, 5),
(2, 56, 420, 20),
(2, 57, 421, 27),
(2, 58, 422, 15),
(2, 59, 423, 17),
(2, 60, 424, 1),
(2, 61, 425, 20),
(2, 62, 426, 4),
(2, 63, 427, 5),
(2, 64, 428, 30),
(2, 65, 429, 16),
(2, 66, 430, 22),
(2, 67, 431, 8),
(2, 68, 432, 23),
(2, 69, 433, 22),
(2, 70, 434, 6),
(2, 71, 435, 30),
(2, 72, 436, 1),
(2, 73, 437, 20),
(2, 74, 438, 23),
(2, 75, 439, 11),
(2, 76, 440, 20),
(2, 77, 441, 25),
(2, 78, 442, 4),
(2, 79, 443, 29),
(2, 80, 444, 27),
(2, 81, 445, 19),
(2, 82, 446, 4),
(2, 83, 447, 21),
(2, 84, 448, 22),
(2, 85, 449, 6),
(2, 86, 450, 24),
(2, 87, 451, 14),
(2, 88, 452, 8),
(2, 89, 453, 8),
(2, 90, 454, 26),
(2, 91, 455, 0),
(2, 92, 456, 22),
(2, 93, 457, 22),
(2, 94, 458, 2),
(2, 95, 459, 10),
(2, 96, 460, 22),
(2, 97, 461, 15),
(2, 98, 462, 14),
(2, 99, 463, 24),
(2, 100, 464, 12),
(2, 101, 465, 4),
(2, 102, 466, 12),
(2, 103, 467, 1),
(2, 104, 468, 26),
(2, 105, 469, 3),
(2, 106, 470, 7),
(2, 107, 471, 29),
(2, 108, 472, 29),
(2, 109, 473, 25),
(2, 110, 474, 7),
(2, 111, 475, 6),
(2, 112, 476, 1),
(2, 113, 477, 7),
(2, 114, 478, 12),
(2, 115, 479, 19),
(2, 116, 480, 17),
(2, 117, 481, 18),
(2, 118, 482, 25),
(2, 119, 483, 23),
(2, 120, 484, 16),
(2, 121, 485, 3),
(2, 122, 486, 11),
(2, 123, 487, 18),
(2, 124, 488, 4),
(2, 125, 489, 10),
(2, 126, 490, 13),
(2, 127, 491, 12),
(2, 128, 492, 28),
(2, 129, 493, 21),
(2, 130, 494, 17),
(2, 131, 495, 9),
(2, 132, 496, 6),
(2, 133, 497, 28),
(2, 134, 498, 13),
(2, 135, 499, 30),
(2, 136, 500, 8),
(2, 137, 501, 1),
(2, 138, 502, 16),
(2, 139, 503, 24),
(2, 140, 504, 13),
(2, 141, 505, 28),
(2, 142, 506, 24),
(2, 143, 507, 12),
(2, 144, 508, 4),
(2, 145, 509, 23),
(2, 146, 510, 3),
(2, 147, 511, 13),
(2, 148, 512, 27),
(2, 149, 513, 22),
(2, 150, 514, 7),
(2, 151, 515, 2),
(2, 152, 516, 21),
(2, 153, 517, 21),
(2, 154, 518, 9),
(2, 155, 519, 21),
(2, 156, 520, 8),
(2, 157, 521, 28),
(2, 158, 522, 0),
(2, 159, 523, 30),
(2, 160, 524, 4),
(2, 161, 525, 9),
(2, 162, 526, 18),
(2, 163, 527, 30),
(2, 164, 528, 9),
(2, 165, 529, 6),
(2, 166, 530, 27),
(2, 167, 531, 1),
(2, 168, 532, 29),
(2, 169, 533, 1),
(2, 170, 534, 2),
(2, 171, 535, 28),
(2, 172, 536, 16),
(2, 173, 537, 17),
(2, 174, 538, 8),
(2, 175, 539, 0),
(2, 176, 540, 26),
(2, 177, 541, 9),
(2, 178, 542, 1),
(2, 179, 543, 16),
(2, 180, 544, 3),
(2, 181, 545, 29),
(2, 182, 546, 21),
(2, 183, 547, 26),
(2, 184, 548, 0),
(2, 185, 549, 4),
(2, 186, 550, 16),
(2, 187, 551, 10),
(2, 188, 552, 27),
(2, 189, 553, 13),
(2, 190, 554, 18),
(2, 191, 555, 15),
(2, 192, 556, 0),
(2, 193, 557, 21),
(2, 194, 558, 15),
(2, 195, 559, 19),
(2, 196, 560, 28),
(2, 197, 561, 10),
(2, 198, 562, 0),
(2, 199, 563, 13),
(2, 200, 564, 11),
(2, 201, 565, 24),
(2, 202, 566, 1),
(2, 203, 567, 7),
(2, 204, 568, 25),
(2, 205, 569, 13),
(2, 206, 570, 9),
(2, 207, 571, 8),
(2, 208, 572, 12),
(2, 209, 573, 11),
(2, 210, 574, 10),
(2, 211, 575, 4),
(2, 212, 576, 22),
(2, 213, 577, 10),
(2, 214, 578, 7),
(2, 215, 579, 11),
(2, 216, 580, 19),
(2, 217, 581, 22),
(2, 218, 582, 26),
(2, 219, 583, 16),
(2, 220, 584, 6),
(2, 221, 585, 12),
(2, 222, 586, 30),
(2, 223, 587, 7),
(2, 224, 588, 4),
(2, 225, 589, 11),
(2, 226, 590, 5),
(2, 227, 591, 12),
(2, 228, 592, 7),
(2, 229, 593, 29),
(2, 230, 594, 25),
(2, 231, 595, 8),
(2, 232, 596, 11),
(2, 233, 597, 25),
(2, 234, 598, 12),
(2, 235, 599, 4),
(2, 236, 600, 7),
(2, 237, 601, 30),
(2, 238, 602, 6),
(2, 239, 603, 17),
(2, 240, 604, 19),
(2, 241, 605, 24),
(2, 242, 606, 2),
(2, 243, 607, 18),
(2, 244, 608, 1),
(2, 245, 609, 18),
(2, 246, 610, 10),
(2, 247, 611, 16),
(2, 248, 612, 26),
(2, 249, 613, 10),
(2, 250, 614, 23),
(2, 251, 615, 0),
(2, 252, 616, 20),
(2, 253, 617, 29),
(2, 254, 618, 7),
(2, 255, 619, 12),
(2, 256, 620, 8),
(2, 257, 621, 5),
(2, 258, 622, 10),
(2, 259, 623, 16),
(2, 260, 624, 20),
(2, 261, 625, 4),
(2, 262, 626, 8),
(2, 263, 627, 4),
(2, 264, 628, 13),
(2, 265, 629, 4),
(2, 266, 630, 18),
(2, 267, 631, 21),
(2, 268, 632, 3),
(2, 269, 633, 4),
(2, 270, 634, 15),
(2, 271, 635, 26),
(2, 272, 636, 1),
(2, 273, 637, 28),
(2, 274, 638, 15),
(2, 275, 639, 3),
(2, 276, 640, 9),
(2, 277, 641, 4),
(2, 278, 642, 8),
(2, 279, 643, 18),
(2, 280, 644, 11),
(2, 281, 645, 3),
(2, 282, 646, 8),
(2, 283, 647, 28),
(2, 284, 648, 6),
(2, 285, 649, 22),
(2, 286, 650, 3),
(2, 287, 651, 15),
(2, 288, 652, 13),
(2, 289, 653, 5),
(2, 290, 654, 29),
(2, 291, 655, 22),
(2, 292, 656, 22),
(2, 293, 657, 12),
(2, 294, 658, 7),
(2, 295, 659, 15),
(2, 296, 660, 8),
(2, 297, 661, 7),
(2, 298, 662, 27),
(2, 299, 663, 0),
(2, 300, 664, 13),
(2, 301, 665, 26),
(2, 302, 666, 6),
(2, 303, 667, 23),
(2, 304, 668, 6),
(2, 305, 669, 21),
(2, 306, 670, 17),
(2, 307, 671, 18),
(2, 308, 672, 15),
(2, 309, 673, 9),
(2, 310, 674, 5),
(2, 311, 675, 27),
(2, 312, 676, 2),
(2, 313, 677, 24),
(3, 1, 678, 14),
(3, 2, 679, 24),
(3, 3, 680, 0),
(3, 4, 681, 11),
(3, 5, 682, 3),
(3, 6, 683, 27),
(3, 7, 684, 12),
(3, 8, 685, 12),
(3, 9, 686, 23),
(3, 10, 687, 21),
(3, 11, 688, 30),
(3, 12, 689, 30),
(3, 13, 690, 19),
(3, 14, 691, 4),
(3, 15, 692, 22),
(3, 16, 693, 19),
(3, 17, 694, 22),
(3, 18, 695, 5),
(3, 19, 696, 24),
(3, 20, 697, 19),
(3, 21, 698, 8),
(3, 22, 699, 20),
(3, 23, 700, 8),
(3, 24, 701, 18),
(3, 25, 702, 15),
(3, 26, 703, 27),
(3, 27, 704, 21),
(3, 28, 705, 20),
(3, 29, 706, 11),
(3, 30, 707, 23),
(3, 31, 708, 10),
(3, 32, 709, 14),
(3, 33, 710, 14),
(3, 34, 711, 6),
(3, 35, 712, 3),
(3, 36, 713, 28),
(3, 37, 714, 30),
(3, 38, 715, 23),
(3, 39, 716, 22),
(3, 40, 717, 2),
(3, 41, 718, 25),
(3, 42, 719, 9),
(3, 43, 720, 26),
(3, 44, 721, 26),
(3, 45, 722, 1),
(3, 46, 723, 16),
(3, 47, 724, 14),
(3, 48, 725, 2),
(3, 49, 726, 4),
(3, 50, 727, 25),
(3, 51, 728, 2),
(3, 52, 729, 8),
(3, 53, 730, 6),
(3, 54, 731, 13),
(3, 55, 732, 5),
(3, 56, 733, 19),
(3, 57, 734, 9),
(3, 58, 735, 27),
(3, 59, 736, 0),
(3, 60, 737, 7),
(3, 61, 738, 28),
(3, 62, 739, 4),
(3, 63, 740, 8),
(3, 64, 741, 22),
(3, 65, 742, 1),
(3, 66, 743, 3),
(3, 67, 744, 6),
(3, 68, 745, 18),
(3, 69, 746, 29),
(3, 70, 747, 2),
(3, 71, 748, 13),
(3, 72, 749, 6),
(3, 73, 750, 3),
(3, 74, 751, 17),
(3, 75, 752, 29),
(3, 76, 753, 23),
(3, 77, 754, 23),
(3, 78, 755, 19),
(3, 79, 756, 29),
(3, 80, 757, 22),
(3, 81, 758, 18),
(3, 82, 759, 7),
(3, 83, 760, 23),
(3, 84, 761, 15),
(3, 85, 762, 15),
(3, 86, 763, 27),
(3, 87, 764, 16),
(3, 88, 765, 28),
(3, 89, 766, 22),
(3, 90, 767, 9),
(3, 91, 768, 8),
(3, 92, 769, 28),
(3, 93, 770, 18),
(3, 94, 771, 15),
(3, 95, 772, 14),
(3, 96, 773, 1),
(3, 97, 774, 28),
(3, 98, 775, 5),
(3, 99, 776, 19),
(3, 100, 777, 28),
(3, 101, 778, 17),
(3, 102, 779, 22),
(3, 103, 780, 10),
(3, 104, 781, 22),
(3, 105, 782, 1),
(3, 106, 783, 1),
(3, 107, 784, 11),
(3, 108, 785, 23),
(3, 109, 786, 24),
(3, 110, 787, 11),
(3, 111, 788, 29),
(3, 112, 789, 24),
(3, 113, 790, 23),
(3, 114, 791, 12),
(3, 115, 792, 25),
(3, 116, 793, 30),
(3, 117, 794, 23),
(3, 118, 795, 9),
(3, 119, 796, 29),
(3, 120, 797, 25),
(3, 121, 798, 4),
(3, 122, 799, 8),
(3, 123, 800, 15),
(3, 124, 801, 11),
(3, 125, 802, 2),
(3, 126, 803, 5),
(3, 127, 804, 4),
(3, 128, 805, 20),
(3, 129, 806, 10),
(3, 130, 807, 20),
(3, 131, 808, 23),
(3, 132, 809, 16),
(3, 133, 810, 16),
(3, 134, 811, 17),
(3, 135, 812, 15),
(3, 136, 813, 4),
(3, 137, 814, 17),
(3, 138, 815, 17),
(3, 139, 816, 21),
(3, 140, 817, 3),
(3, 141, 818, 4),
(3, 142, 819, 29),
(3, 143, 820, 9),
(3, 144, 821, 9),
(3, 145, 822, 11),
(3, 146, 823, 9),
(3, 147, 824, 3),
(3, 148, 825, 6),
(3, 149, 826, 1),
(3, 150, 827, 21),
(3, 151, 828, 1),
(3, 152, 829, 1),
(3, 153, 830, 7),
(3, 154, 831, 22),
(3, 155, 832, 25),
(3, 156, 833, 14),
(3, 157, 834, 12),
(3, 158, 835, 17),
(3, 159, 836, 6),
(3, 160, 837, 27),
(3, 161, 838, 11),
(3, 162, 839, 11),
(3, 163, 840, 11),
(3, 164, 841, 18),
(3, 165, 842, 19),
(3, 166, 843, 27),
(3, 167, 844, 8),
(3, 168, 845, 23),
(3, 169, 846, 3),
(3, 170, 847, 13),
(3, 171, 848, 11),
(3, 172, 849, 22),
(3, 173, 850, 15),
(3, 174, 851, 1),
(3, 175, 852, 3),
(3, 176, 853, 6),
(3, 177, 854, 2),
(3, 178, 855, 12),
(3, 179, 856, 20),
(3, 180, 857, 6),
(3, 181, 858, 8),
(3, 182, 859, 28),
(3, 183, 860, 26),
(3, 184, 861, 21),
(3, 185, 862, 15),
(3, 186, 863, 30),
(3, 187, 864, 2),
(3, 188, 865, 29),
(3, 189, 866, 20),
(3, 190, 867, 20),
(3, 191, 868, 23),
(3, 192, 869, 10),
(3, 193, 870, 5),
(3, 194, 871, 20),
(3, 195, 872, 20),
(3, 196, 873, 25),
(3, 197, 874, 8),
(3, 198, 875, 27),
(3, 199, 876, 5),
(3, 200, 877, 29),
(3, 201, 878, 30),
(3, 202, 879, 11),
(3, 203, 880, 6),
(3, 204, 881, 16),
(3, 205, 882, 3),
(3, 206, 883, 29),
(3, 207, 884, 29),
(3, 208, 885, 12),
(3, 209, 886, 1),
(3, 210, 887, 22),
(3, 211, 888, 3),
(3, 212, 889, 23),
(3, 213, 890, 10),
(3, 214, 891, 30),
(3, 215, 892, 12),
(3, 216, 893, 5),
(3, 217, 894, 4),
(3, 218, 895, 21),
(3, 219, 896, 29),
(3, 220, 897, 0),
(3, 221, 898, 25),
(3, 222, 899, 12),
(3, 223, 900, 29),
(3, 224, 901, 23),
(3, 225, 902, 12),
(3, 226, 903, 14),
(3, 227, 904, 22),
(3, 228, 905, 29),
(3, 229, 906, 7),
(3, 230, 907, 29),
(3, 231, 908, 6),
(3, 232, 909, 16),
(3, 233, 910, 9),
(3, 234, 911, 24),
(3, 235, 912, 1),
(3, 236, 913, 3),
(3, 237, 914, 16),
(3, 238, 915, 12),
(3, 239, 916, 29),
(3, 240, 917, 26),
(3, 241, 918, 8),
(3, 242, 919, 5),
(3, 243, 920, 7),
(3, 244, 921, 5),
(3, 245, 922, 10),
(3, 246, 923, 7),
(3, 247, 924, 3),
(3, 248, 925, 11),
(3, 249, 926, 6),
(3, 250, 927, 16),
(3, 251, 928, 10),
(3, 252, 929, 27),
(3, 253, 930, 15),
(3, 254, 931, 4),
(3, 255, 932, 17),
(3, 256, 933, 1),
(3, 257, 934, 25),
(3, 258, 935, 10),
(3, 259, 936, 0),
(3, 260, 937, 5),
(3, 261, 938, 24),
(3, 262, 939, 29),
(3, 263, 940, 21),
(3, 264, 941, 7),
(3, 265, 942, 22),
(3, 266, 943, 18),
(3, 267, 944, 12),
(3, 268, 945, 17),
(3, 269, 946, 26),
(3, 270, 947, 6),
(3, 271, 948, 23),
(3, 272, 949, 12),
(3, 273, 950, 19),
(3, 274, 951, 7),
(3, 275, 952, 23),
(3, 276, 953, 14),
(3, 277, 954, 26),
(3, 278, 955, 15),
(3, 279, 956, 15),
(3, 280, 957, 1),
(3, 281, 958, 2),
(3, 282, 959, 18),
(3, 283, 960, 1),
(3, 284, 961, 26),
(3, 285, 962, 2),
(3, 286, 963, 7),
(3, 287, 964, 26),
(3, 288, 965, 2),
(3, 289, 966, 2),
(3, 290, 967, 6),
(3, 291, 968, 10),
(3, 292, 969, 16),
(3, 293, 970, 14),
(3, 294, 971, 13),
(3, 295, 972, 9),
(3, 296, 973, 12),
(3, 297, 974, 22),
(3, 298, 975, 14),
(3, 299, 976, 29),
(3, 300, 977, 3),
(3, 301, 978, 29),
(3, 302, 979, 6),
(3, 303, 980, 13),
(3, 304, 981, 23),
(3, 305, 982, 11),
(3, 306, 983, 7),
(3, 307, 984, 17),
(3, 308, 985, 9),
(3, 309, 986, 30),
(3, 310, 987, 8),
(3, 311, 988, 23),
(3, 312, 989, 18),
(3, 313, 990, 0),
(1, 1, 991, 27),
(1, 2, 992, 5),
(1, 3, 993, 6),
(1, 4, 994, 23),
(1, 5, 995, 22),
(1, 6, 996, 0),
(1, 7, 997, 8),
(1, 8, 998, 0),
(1, 9, 999, 11),
(1, 10, 1000, 15),
(1, 11, 1001, 8),
(1, 12, 1002, 16),
(1, 13, 1003, 13),
(1, 14, 1004, 8),
(1, 15, 1005, 3),
(1, 16, 1006, 4),
(1, 17, 1007, 2),
(1, 18, 1008, 16),
(1, 19, 1009, 4),
(1, 20, 1010, 26),
(1, 21, 1011, 24),
(1, 22, 1012, 29),
(1, 23, 1013, 9),
(1, 24, 1014, 10),
(1, 25, 1015, 10),
(1, 26, 1016, 16),
(1, 27, 1017, 21),
(1, 28, 1018, 20),
(1, 29, 1019, 13),
(1, 30, 1020, 30),
(1, 31, 1021, 2),
(1, 32, 1022, 0),
(1, 33, 1023, 10),
(1, 34, 1024, 2),
(1, 35, 1025, 18),
(1, 36, 1026, 26),
(1, 37, 1027, 12),
(1, 38, 1028, 13),
(1, 39, 1029, 2),
(1, 40, 1030, 24),
(1, 41, 1031, 10),
(1, 42, 1032, 0),
(1, 43, 1033, 2),
(1, 44, 1034, 1),
(1, 45, 1035, 15),
(1, 46, 1036, 19),
(1, 47, 1037, 21),
(1, 48, 1038, 5),
(1, 49, 1039, 8),
(1, 50, 1040, 29),
(1, 51, 1041, 2),
(1, 52, 1042, 18),
(1, 53, 1043, 17),
(1, 54, 1044, 11),
(1, 55, 1045, 11),
(1, 56, 1046, 15),
(1, 57, 1047, 1),
(1, 58, 1048, 1),
(1, 59, 1049, 22),
(1, 60, 1050, 19),
(1, 61, 1051, 30),
(1, 62, 1052, 21),
(1, 63, 1053, 4),
(1, 64, 1054, 30),
(1, 65, 1055, 10),
(1, 66, 1056, 12),
(1, 67, 1057, 19),
(1, 68, 1058, 30),
(1, 69, 1059, 4),
(1, 70, 1060, 3),
(1, 71, 1061, 25),
(1, 72, 1062, 9),
(1, 73, 1063, 7),
(1, 74, 1064, 9),
(1, 75, 1065, 23),
(1, 76, 1066, 15),
(1, 77, 1067, 16),
(1, 78, 1068, 13),
(1, 79, 1069, 13),
(1, 80, 1070, 11),
(1, 81, 1071, 25),
(1, 82, 1072, 1),
(1, 83, 1073, 13),
(1, 84, 1074, 11),
(1, 85, 1075, 23),
(1, 86, 1076, 19),
(1, 87, 1077, 27),
(1, 88, 1078, 7),
(1, 89, 1079, 9),
(1, 90, 1080, 4),
(1, 91, 1081, 8),
(1, 92, 1082, 0),
(1, 93, 1083, 22),
(1, 94, 1084, 6),
(1, 95, 1085, 25),
(1, 96, 1086, 20),
(1, 97, 1087, 20),
(1, 98, 1088, 28),
(1, 99, 1089, 28),
(1, 100, 1090, 15),
(1, 101, 1091, 17),
(1, 102, 1092, 9),
(1, 103, 1093, 13),
(1, 104, 1094, 25),
(1, 105, 1095, 7),
(1, 106, 1096, 30),
(1, 107, 1097, 20),
(1, 108, 1098, 15),
(1, 109, 1099, 30),
(1, 110, 1100, 1),
(1, 111, 1101, 11),
(1, 112, 1102, 17),
(1, 113, 1103, 24),
(1, 114, 1104, 3),
(1, 115, 1105, 10),
(1, 116, 1106, 24),
(1, 117, 1107, 15),
(1, 118, 1108, 12),
(1, 119, 1109, 17),
(1, 120, 1110, 23),
(1, 121, 1111, 19),
(1, 122, 1112, 22),
(1, 123, 1113, 8),
(1, 124, 1114, 23),
(1, 125, 1115, 22),
(1, 126, 1116, 28),
(1, 127, 1117, 12),
(1, 128, 1118, 11),
(1, 129, 1119, 21),
(1, 130, 1120, 22),
(1, 131, 1121, 20),
(1, 132, 1122, 1),
(1, 133, 1123, 9),
(1, 134, 1124, 26),
(1, 135, 1125, 15),
(1, 136, 1126, 12),
(1, 137, 1127, 12),
(1, 138, 1128, 6),
(1, 139, 1129, 17),
(1, 140, 1130, 3),
(1, 141, 1131, 21),
(1, 142, 1132, 22),
(1, 143, 1133, 19),
(1, 144, 1134, 7),
(1, 145, 1135, 5),
(1, 146, 1136, 6),
(1, 147, 1137, 8),
(1, 148, 1138, 6),
(1, 149, 1139, 1),
(1, 150, 1140, 22),
(1, 151, 1141, 24),
(1, 152, 1142, 12),
(1, 153, 1143, 25),
(1, 154, 1144, 13),
(1, 155, 1145, 8),
(1, 156, 1146, 13),
(1, 157, 1147, 25),
(1, 158, 1148, 11),
(1, 159, 1149, 18),
(1, 160, 1150, 0),
(1, 161, 1151, 17),
(1, 162, 1152, 14),
(1, 163, 1153, 0),
(1, 164, 1154, 15),
(1, 165, 1155, 16),
(1, 166, 1156, 23),
(1, 167, 1157, 28),
(1, 168, 1158, 0),
(1, 169, 1159, 25),
(1, 170, 1160, 14),
(1, 171, 1161, 3),
(1, 172, 1162, 3),
(1, 173, 1163, 2),
(1, 174, 1164, 26),
(1, 175, 1165, 2),
(1, 176, 1166, 11),
(1, 177, 1167, 19),
(1, 178, 1168, 23),
(1, 179, 1169, 16),
(1, 180, 1170, 5),
(1, 181, 1171, 19),
(1, 182, 1172, 28),
(1, 183, 1173, 11),
(1, 184, 1174, 4),
(1, 185, 1175, 3),
(1, 186, 1176, 1),
(1, 187, 1177, 16),
(1, 188, 1178, 30),
(1, 189, 1179, 6),
(1, 190, 1180, 21),
(1, 191, 1181, 21),
(1, 192, 1182, 20),
(1, 193, 1183, 30),
(1, 194, 1184, 24),
(1, 195, 1185, 1),
(1, 196, 1186, 26),
(1, 197, 1187, 22),
(1, 198, 1188, 1),
(1, 199, 1189, 2),
(1, 200, 1190, 27),
(1, 201, 1191, 16),
(1, 202, 1192, 5),
(1, 203, 1193, 4),
(1, 204, 1194, 23),
(1, 205, 1195, 9),
(1, 206, 1196, 10),
(1, 207, 1197, 27),
(1, 208, 1198, 13),
(1, 209, 1199, 22),
(1, 210, 1200, 25),
(1, 211, 1201, 13),
(1, 212, 1202, 17),
(1, 213, 1203, 14),
(1, 214, 1204, 4),
(1, 215, 1205, 1),
(1, 216, 1206, 11),
(1, 217, 1207, 11),
(1, 218, 1208, 27),
(1, 219, 1209, 30),
(1, 220, 1210, 4),
(1, 221, 1211, 7),
(1, 222, 1212, 12),
(1, 223, 1213, 3),
(1, 224, 1214, 16),
(1, 225, 1215, 24),
(1, 226, 1216, 18),
(1, 227, 1217, 19),
(1, 228, 1218, 22),
(1, 229, 1219, 27),
(1, 230, 1220, 7),
(1, 231, 1221, 25),
(1, 232, 1222, 5),
(1, 233, 1223, 5),
(1, 234, 1224, 13),
(1, 235, 1225, 7),
(1, 236, 1226, 18),
(1, 237, 1227, 26),
(1, 238, 1228, 20),
(1, 239, 1229, 28),
(1, 240, 1230, 17),
(1, 241, 1231, 17),
(1, 242, 1232, 10),
(1, 243, 1233, 11),
(1, 244, 1234, 10),
(1, 245, 1235, 3),
(1, 246, 1236, 0),
(1, 247, 1237, 15),
(1, 248, 1238, 14),
(1, 249, 1239, 27),
(1, 250, 1240, 3),
(1, 251, 1241, 2),
(1, 252, 1242, 28),
(1, 253, 1243, 16),
(1, 254, 1244, 24),
(1, 255, 1245, 13),
(1, 256, 1246, 20),
(1, 257, 1247, 17),
(1, 258, 1248, 25),
(1, 259, 1249, 10),
(1, 260, 1250, 20),
(1, 261, 1251, 3),
(1, 262, 1252, 6),
(1, 263, 1253, 21),
(1, 264, 1254, 16),
(1, 265, 1255, 28),
(1, 266, 1256, 1),
(1, 267, 1257, 27),
(1, 268, 1258, 23),
(1, 269, 1259, 22),
(1, 270, 1260, 16),
(1, 271, 1261, 6),
(1, 272, 1262, 14),
(1, 273, 1263, 20),
(1, 274, 1264, 19),
(1, 275, 1265, 28),
(1, 276, 1266, 7),
(1, 277, 1267, 13),
(1, 278, 1268, 17),
(1, 279, 1269, 17),
(1, 280, 1270, 23),
(1, 281, 1271, 11),
(1, 282, 1272, 6),
(1, 283, 1273, 10),
(1, 284, 1274, 27),
(1, 285, 1275, 20),
(1, 286, 1276, 28),
(1, 287, 1277, 2),
(1, 288, 1278, 9),
(1, 289, 1279, 2),
(1, 290, 1280, 8),
(1, 291, 1281, 9),
(1, 292, 1282, 30),
(1, 293, 1283, 18),
(1, 294, 1284, 3),
(1, 295, 1285, 24),
(1, 296, 1286, 9),
(1, 297, 1287, 22),
(1, 298, 1288, 26),
(1, 299, 1289, 18),
(1, 300, 1290, 7),
(1, 301, 1291, 10),
(1, 302, 1292, 0),
(1, 303, 1293, 12),
(1, 304, 1294, 15),
(1, 305, 1295, 23),
(1, 306, 1296, 21),
(1, 307, 1297, 17),
(1, 308, 1298, 23),
(1, 309, 1299, 7),
(1, 310, 1300, 18),
(1, 311, 1301, 20),
(1, 312, 1302, 23),
(1, 313, 1303, 14),
(2, 1, 1304, 14),
(2, 2, 1305, 16),
(2, 3, 1306, 28),
(2, 4, 1307, 2),
(2, 5, 1308, 1),
(2, 6, 1309, 11),
(2, 7, 1310, 8),
(2, 8, 1311, 1),
(2, 9, 1312, 17),
(2, 10, 1313, 13),
(2, 11, 1314, 21),
(2, 12, 1315, 2),
(2, 13, 1316, 1),
(2, 14, 1317, 18),
(2, 15, 1318, 6),
(2, 16, 1319, 20),
(2, 17, 1320, 3),
(2, 18, 1321, 13),
(2, 19, 1322, 15),
(2, 20, 1323, 20),
(2, 21, 1324, 16),
(2, 22, 1325, 0),
(2, 23, 1326, 12),
(2, 24, 1327, 16),
(2, 25, 1328, 18),
(2, 26, 1329, 2),
(2, 27, 1330, 10),
(2, 28, 1331, 25),
(2, 29, 1332, 29),
(2, 30, 1333, 17),
(2, 31, 1334, 10),
(2, 32, 1335, 13),
(2, 33, 1336, 8),
(2, 34, 1337, 24),
(2, 35, 1338, 25),
(2, 36, 1339, 15),
(2, 37, 1340, 5),
(2, 38, 1341, 18),
(2, 39, 1342, 28),
(2, 40, 1343, 15),
(2, 41, 1344, 6),
(2, 42, 1345, 16),
(2, 43, 1346, 2),
(2, 44, 1347, 24),
(2, 45, 1348, 13),
(2, 46, 1349, 18),
(2, 47, 1350, 0),
(2, 48, 1351, 20),
(2, 49, 1352, 4),
(2, 50, 1353, 7),
(2, 51, 1354, 8),
(2, 52, 1355, 23),
(2, 53, 1356, 19),
(2, 54, 1357, 6),
(2, 55, 1358, 5),
(2, 56, 1359, 20),
(2, 57, 1360, 27),
(2, 58, 1361, 15),
(2, 59, 1362, 17),
(2, 60, 1363, 1),
(2, 61, 1364, 20),
(2, 62, 1365, 4),
(2, 63, 1366, 5),
(2, 64, 1367, 30),
(2, 65, 1368, 16),
(2, 66, 1369, 22),
(2, 67, 1370, 8),
(2, 68, 1371, 23),
(2, 69, 1372, 22),
(2, 70, 1373, 6),
(2, 71, 1374, 30),
(2, 72, 1375, 1),
(2, 73, 1376, 20),
(2, 74, 1377, 23),
(2, 75, 1378, 11),
(2, 76, 1379, 20),
(2, 77, 1380, 25),
(2, 78, 1381, 4),
(2, 79, 1382, 29),
(2, 80, 1383, 27),
(2, 81, 1384, 19),
(2, 82, 1385, 4),
(2, 83, 1386, 21),
(2, 84, 1387, 22),
(2, 85, 1388, 6),
(2, 86, 1389, 24),
(2, 87, 1390, 14),
(2, 88, 1391, 8),
(2, 89, 1392, 8),
(2, 90, 1393, 26),
(2, 91, 1394, 0),
(2, 92, 1395, 22),
(2, 93, 1396, 22),
(2, 94, 1397, 2),
(2, 95, 1398, 10),
(2, 96, 1399, 22),
(2, 97, 1400, 15),
(2, 98, 1401, 14),
(2, 99, 1402, 24),
(2, 100, 1403, 12),
(2, 101, 1404, 4),
(2, 102, 1405, 12),
(2, 103, 1406, 1),
(2, 104, 1407, 26),
(2, 105, 1408, 3),
(2, 106, 1409, 7),
(2, 107, 1410, 29),
(2, 108, 1411, 29),
(2, 109, 1412, 25),
(2, 110, 1413, 7),
(2, 111, 1414, 6),
(2, 112, 1415, 1),
(2, 113, 1416, 7),
(2, 114, 1417, 12),
(2, 115, 1418, 19),
(2, 116, 1419, 17),
(2, 117, 1420, 18),
(2, 118, 1421, 25),
(2, 119, 1422, 23),
(2, 120, 1423, 16),
(2, 121, 1424, 3),
(2, 122, 1425, 11),
(2, 123, 1426, 18),
(2, 124, 1427, 4),
(2, 125, 1428, 10),
(2, 126, 1429, 13),
(2, 127, 1430, 12),
(2, 128, 1431, 28),
(2, 129, 1432, 21),
(2, 130, 1433, 17),
(2, 131, 1434, 9),
(2, 132, 1435, 6),
(2, 133, 1436, 28),
(2, 134, 1437, 13),
(2, 135, 1438, 30),
(2, 136, 1439, 8),
(2, 137, 1440, 1),
(2, 138, 1441, 16),
(2, 139, 1442, 24),
(2, 140, 1443, 13),
(2, 141, 1444, 28),
(2, 142, 1445, 24),
(2, 143, 1446, 12),
(2, 144, 1447, 4),
(2, 145, 1448, 23),
(2, 146, 1449, 3),
(2, 147, 1450, 13),
(2, 148, 1451, 27),
(2, 149, 1452, 22),
(2, 150, 1453, 7),
(2, 151, 1454, 2),
(2, 152, 1455, 21),
(2, 153, 1456, 21),
(2, 154, 1457, 9),
(2, 155, 1458, 21),
(2, 156, 1459, 8),
(2, 157, 1460, 28),
(2, 158, 1461, 0),
(2, 159, 1462, 30),
(2, 160, 1463, 4),
(2, 161, 1464, 9),
(2, 162, 1465, 18),
(2, 163, 1466, 30),
(2, 164, 1467, 9),
(2, 165, 1468, 6),
(2, 166, 1469, 27),
(2, 167, 1470, 1),
(2, 168, 1471, 29),
(2, 169, 1472, 1),
(2, 170, 1473, 2),
(2, 171, 1474, 28),
(2, 172, 1475, 16),
(2, 173, 1476, 17),
(2, 174, 1477, 8),
(2, 175, 1478, 0),
(2, 176, 1479, 26),
(2, 177, 1480, 9),
(2, 178, 1481, 1),
(2, 179, 1482, 16),
(2, 180, 1483, 3),
(2, 181, 1484, 29),
(2, 182, 1485, 21),
(2, 183, 1486, 26),
(2, 184, 1487, 0),
(2, 185, 1488, 4),
(2, 186, 1489, 16),
(2, 187, 1490, 10),
(2, 188, 1491, 27),
(2, 189, 1492, 13),
(2, 190, 1493, 18),
(2, 191, 1494, 15),
(2, 192, 1495, 0),
(2, 193, 1496, 21),
(2, 194, 1497, 15),
(2, 195, 1498, 19),
(2, 196, 1499, 28),
(2, 197, 1500, 10),
(2, 198, 1501, 0),
(2, 199, 1502, 13),
(2, 200, 1503, 11),
(2, 201, 1504, 24),
(2, 202, 1505, 1),
(2, 203, 1506, 7),
(2, 204, 1507, 25),
(2, 205, 1508, 13),
(2, 206, 1509, 9),
(2, 207, 1510, 8),
(2, 208, 1511, 12),
(2, 209, 1512, 11),
(2, 210, 1513, 10),
(2, 211, 1514, 4),
(2, 212, 1515, 22),
(2, 213, 1516, 10),
(2, 214, 1517, 7),
(2, 215, 1518, 11),
(2, 216, 1519, 19),
(2, 217, 1520, 22),
(2, 218, 1521, 26),
(2, 219, 1522, 16),
(2, 220, 1523, 6),
(2, 221, 1524, 12),
(2, 222, 1525, 30),
(2, 223, 1526, 7),
(2, 224, 1527, 4),
(2, 225, 1528, 11),
(2, 226, 1529, 5),
(2, 227, 1530, 12),
(2, 228, 1531, 7),
(2, 229, 1532, 29),
(2, 230, 1533, 25),
(2, 231, 1534, 8),
(2, 232, 1535, 11),
(2, 233, 1536, 25),
(2, 234, 1537, 12),
(2, 235, 1538, 4),
(2, 236, 1539, 7),
(2, 237, 1540, 30),
(2, 238, 1541, 6),
(2, 239, 1542, 17),
(2, 240, 1543, 19),
(2, 241, 1544, 24),
(2, 242, 1545, 2),
(2, 243, 1546, 18),
(2, 244, 1547, 1),
(2, 245, 1548, 18),
(2, 246, 1549, 10),
(2, 247, 1550, 16),
(2, 248, 1551, 26),
(2, 249, 1552, 10),
(2, 250, 1553, 23),
(2, 251, 1554, 0),
(2, 252, 1555, 20),
(2, 253, 1556, 29),
(2, 254, 1557, 7),
(2, 255, 1558, 12),
(2, 256, 1559, 8),
(2, 257, 1560, 5),
(2, 258, 1561, 10),
(2, 259, 1562, 16),
(2, 260, 1563, 20),
(2, 261, 1564, 4),
(2, 262, 1565, 8),
(2, 263, 1566, 4),
(2, 264, 1567, 13),
(2, 265, 1568, 4),
(2, 266, 1569, 18),
(2, 267, 1570, 21),
(2, 268, 1571, 3),
(2, 269, 1572, 4),
(2, 270, 1573, 15),
(2, 271, 1574, 26),
(2, 272, 1575, 1),
(2, 273, 1576, 28),
(2, 274, 1577, 15),
(2, 275, 1578, 3),
(2, 276, 1579, 9),
(2, 277, 1580, 4),
(2, 278, 1581, 8),
(2, 279, 1582, 18),
(2, 280, 1583, 11),
(2, 281, 1584, 3),
(2, 282, 1585, 8),
(2, 283, 1586, 28),
(2, 284, 1587, 6),
(2, 285, 1588, 22),
(2, 286, 1589, 3),
(2, 287, 1590, 15),
(2, 288, 1591, 13),
(2, 289, 1592, 5),
(2, 290, 1593, 29),
(2, 291, 1594, 22),
(2, 292, 1595, 22),
(2, 293, 1596, 12),
(2, 294, 1597, 7),
(2, 295, 1598, 15),
(2, 296, 1599, 8),
(2, 297, 1600, 7),
(2, 298, 1601, 27),
(2, 299, 1602, 0),
(2, 300, 1603, 13),
(2, 301, 1604, 26),
(2, 302, 1605, 6),
(2, 303, 1606, 23),
(2, 304, 1607, 6),
(2, 305, 1608, 21),
(2, 306, 1609, 17),
(2, 307, 1610, 18),
(2, 308, 1611, 15),
(2, 309, 1612, 9),
(2, 310, 1613, 5),
(2, 311, 1614, 27),
(2, 312, 1615, 2),
(2, 313, 1616, 24),
(3, 1, 1617, 14),
(3, 2, 1618, 24),
(3, 3, 1619, 0),
(3, 4, 1620, 11),
(3, 5, 1621, 3),
(3, 6, 1622, 27),
(3, 7, 1623, 12),
(3, 8, 1624, 12),
(3, 9, 1625, 23),
(3, 10, 1626, 21),
(3, 11, 1627, 30),
(3, 12, 1628, 30),
(3, 13, 1629, 19),
(3, 14, 1630, 4),
(3, 15, 1631, 22),
(3, 16, 1632, 19),
(3, 17, 1633, 22),
(3, 18, 1634, 5),
(3, 19, 1635, 24),
(3, 20, 1636, 19),
(3, 21, 1637, 8),
(3, 22, 1638, 20),
(3, 23, 1639, 8),
(3, 24, 1640, 18),
(3, 25, 1641, 15),
(3, 26, 1642, 27),
(3, 27, 1643, 21),
(3, 28, 1644, 20),
(3, 29, 1645, 11),
(3, 30, 1646, 23),
(3, 31, 1647, 10),
(3, 32, 1648, 14),
(3, 33, 1649, 14),
(3, 34, 1650, 6),
(3, 35, 1651, 3),
(3, 36, 1652, 28),
(3, 37, 1653, 30),
(3, 38, 1654, 23),
(3, 39, 1655, 22),
(3, 40, 1656, 2),
(3, 41, 1657, 25),
(3, 42, 1658, 9),
(3, 43, 1659, 26),
(3, 44, 1660, 26),
(3, 45, 1661, 1),
(3, 46, 1662, 16),
(3, 47, 1663, 14),
(3, 48, 1664, 2),
(3, 49, 1665, 4),
(3, 50, 1666, 25),
(3, 51, 1667, 2),
(3, 52, 1668, 8),
(3, 53, 1669, 6),
(3, 54, 1670, 13),
(3, 55, 1671, 5),
(3, 56, 1672, 19),
(3, 57, 1673, 9),
(3, 58, 1674, 27),
(3, 59, 1675, 0),
(3, 60, 1676, 7),
(3, 61, 1677, 28),
(3, 62, 1678, 4),
(3, 63, 1679, 8),
(3, 64, 1680, 22),
(3, 65, 1681, 1),
(3, 66, 1682, 3),
(3, 67, 1683, 6),
(3, 68, 1684, 18),
(3, 69, 1685, 29),
(3, 70, 1686, 2),
(3, 71, 1687, 13),
(3, 72, 1688, 6),
(3, 73, 1689, 3),
(3, 74, 1690, 17),
(3, 75, 1691, 29),
(3, 76, 1692, 23),
(3, 77, 1693, 23),
(3, 78, 1694, 19),
(3, 79, 1695, 29),
(3, 80, 1696, 22),
(3, 81, 1697, 18),
(3, 82, 1698, 7),
(3, 83, 1699, 23),
(3, 84, 1700, 15),
(3, 85, 1701, 15),
(3, 86, 1702, 27),
(3, 87, 1703, 16),
(3, 88, 1704, 28),
(3, 89, 1705, 22),
(3, 90, 1706, 9),
(3, 91, 1707, 8),
(3, 92, 1708, 28),
(3, 93, 1709, 18),
(3, 94, 1710, 15),
(3, 95, 1711, 14),
(3, 96, 1712, 1),
(3, 97, 1713, 28),
(3, 98, 1714, 5),
(3, 99, 1715, 19),
(3, 100, 1716, 28),
(3, 101, 1717, 17),
(3, 102, 1718, 22),
(3, 103, 1719, 10),
(3, 104, 1720, 22),
(3, 105, 1721, 1),
(3, 106, 1722, 1),
(3, 107, 1723, 11),
(3, 108, 1724, 23),
(3, 109, 1725, 24),
(3, 110, 1726, 11),
(3, 111, 1727, 29),
(3, 112, 1728, 24),
(3, 113, 1729, 23),
(3, 114, 1730, 12),
(3, 115, 1731, 25),
(3, 116, 1732, 30),
(3, 117, 1733, 23),
(3, 118, 1734, 9),
(3, 119, 1735, 29),
(3, 120, 1736, 25),
(3, 121, 1737, 4),
(3, 122, 1738, 8),
(3, 123, 1739, 15),
(3, 124, 1740, 11),
(3, 125, 1741, 2),
(3, 126, 1742, 5),
(3, 127, 1743, 4),
(3, 128, 1744, 20),
(3, 129, 1745, 10),
(3, 130, 1746, 20),
(3, 131, 1747, 23),
(3, 132, 1748, 16),
(3, 133, 1749, 16),
(3, 134, 1750, 17),
(3, 135, 1751, 15),
(3, 136, 1752, 4),
(3, 137, 1753, 17),
(3, 138, 1754, 17),
(3, 139, 1755, 21),
(3, 140, 1756, 3),
(3, 141, 1757, 4),
(3, 142, 1758, 29),
(3, 143, 1759, 9),
(3, 144, 1760, 9),
(3, 145, 1761, 11),
(3, 146, 1762, 9),
(3, 147, 1763, 3),
(3, 148, 1764, 6),
(3, 149, 1765, 1),
(3, 150, 1766, 21),
(3, 151, 1767, 1),
(3, 152, 1768, 1),
(3, 153, 1769, 7),
(3, 154, 1770, 22),
(3, 155, 1771, 25),
(3, 156, 1772, 14),
(3, 157, 1773, 12),
(3, 158, 1774, 17),
(3, 159, 1775, 6),
(3, 160, 1776, 27),
(3, 161, 1777, 11),
(3, 162, 1778, 11),
(3, 163, 1779, 11),
(3, 164, 1780, 18),
(3, 165, 1781, 19),
(3, 166, 1782, 27),
(3, 167, 1783, 8),
(3, 168, 1784, 23),
(3, 169, 1785, 3),
(3, 170, 1786, 13),
(3, 171, 1787, 11),
(3, 172, 1788, 22),
(3, 173, 1789, 15),
(3, 174, 1790, 1),
(3, 175, 1791, 3),
(3, 176, 1792, 6),
(3, 177, 1793, 2),
(3, 178, 1794, 12),
(3, 179, 1795, 20),
(3, 180, 1796, 6),
(3, 181, 1797, 8),
(3, 182, 1798, 28),
(3, 183, 1799, 26),
(3, 184, 1800, 21),
(3, 185, 1801, 15),
(3, 186, 1802, 30),
(3, 187, 1803, 2),
(3, 188, 1804, 29),
(3, 189, 1805, 20),
(3, 190, 1806, 20),
(3, 191, 1807, 23),
(3, 192, 1808, 10),
(3, 193, 1809, 5),
(3, 194, 1810, 20),
(3, 195, 1811, 20),
(3, 196, 1812, 25),
(3, 197, 1813, 8),
(3, 198, 1814, 27),
(3, 199, 1815, 5),
(3, 200, 1816, 29),
(3, 201, 1817, 30),
(3, 202, 1818, 11),
(3, 203, 1819, 6),
(3, 204, 1820, 16),
(3, 205, 1821, 3),
(3, 206, 1822, 29),
(3, 207, 1823, 29),
(3, 208, 1824, 12),
(3, 209, 1825, 1),
(3, 210, 1826, 22),
(3, 211, 1827, 3),
(3, 212, 1828, 23),
(3, 213, 1829, 10),
(3, 214, 1830, 30),
(3, 215, 1831, 12),
(3, 216, 1832, 5),
(3, 217, 1833, 4),
(3, 218, 1834, 21),
(3, 219, 1835, 29),
(3, 220, 1836, 0),
(3, 221, 1837, 25),
(3, 222, 1838, 12),
(3, 223, 1839, 29),
(3, 224, 1840, 23),
(3, 225, 1841, 12),
(3, 226, 1842, 14),
(3, 227, 1843, 22),
(3, 228, 1844, 29),
(3, 229, 1845, 7),
(3, 230, 1846, 29),
(3, 231, 1847, 6),
(3, 232, 1848, 16),
(3, 233, 1849, 9),
(3, 234, 1850, 24),
(3, 235, 1851, 1),
(3, 236, 1852, 3),
(3, 237, 1853, 16),
(3, 238, 1854, 12),
(3, 239, 1855, 29),
(3, 240, 1856, 26),
(3, 241, 1857, 8),
(3, 242, 1858, 5),
(3, 243, 1859, 7),
(3, 244, 1860, 5),
(3, 245, 1861, 10),
(3, 246, 1862, 7),
(3, 247, 1863, 3),
(3, 248, 1864, 11),
(3, 249, 1865, 6),
(3, 250, 1866, 16),
(3, 251, 1867, 10),
(3, 252, 1868, 27),
(3, 253, 1869, 15),
(3, 254, 1870, 4),
(3, 255, 1871, 17),
(3, 256, 1872, 1),
(3, 257, 1873, 25),
(3, 258, 1874, 10),
(3, 259, 1875, 0),
(3, 260, 1876, 5),
(3, 261, 1877, 24),
(3, 262, 1878, 29),
(3, 263, 1879, 21),
(3, 264, 1880, 7),
(3, 265, 1881, 22),
(3, 266, 1882, 18),
(3, 267, 1883, 12),
(3, 268, 1884, 17),
(3, 269, 1885, 26),
(3, 270, 1886, 6),
(3, 271, 1887, 23),
(3, 272, 1888, 12),
(3, 273, 1889, 19),
(3, 274, 1890, 7),
(3, 275, 1891, 23),
(3, 276, 1892, 14),
(3, 277, 1893, 26),
(3, 278, 1894, 15),
(3, 279, 1895, 15),
(3, 280, 1896, 1),
(3, 281, 1897, 2),
(3, 282, 1898, 18),
(3, 283, 1899, 1),
(3, 284, 1900, 26),
(3, 285, 1901, 2),
(3, 286, 1902, 7),
(3, 287, 1903, 26),
(3, 288, 1904, 2),
(3, 289, 1905, 2),
(3, 290, 1906, 6),
(3, 291, 1907, 10),
(3, 292, 1908, 16),
(3, 293, 1909, 14),
(3, 294, 1910, 13),
(3, 295, 1911, 9),
(3, 296, 1912, 12),
(3, 297, 1913, 22),
(3, 298, 1914, 14),
(3, 299, 1915, 29),
(3, 300, 1916, 3),
(3, 301, 1917, 29),
(3, 302, 1918, 6),
(3, 303, 1919, 13),
(3, 304, 1920, 23),
(3, 305, 1921, 11),
(3, 306, 1922, 7),
(3, 307, 1923, 17),
(3, 308, 1924, 9),
(3, 309, 1925, 30),
(3, 310, 1926, 8),
(3, 311, 1927, 23),
(3, 312, 1928, 18),
(3, 313, 1929, 0);

-- --------------------------------------------------------

--
-- Structure de la table `stores`
--

CREATE TABLE `stores` (
  `storeId` int(11) NOT NULL,
  `storeName` varchar(255) NOT NULL,
  `phone` varchar(25) DEFAULT NULL,
  `email` varchar(255) DEFAULT NULL,
  `street` varchar(255) DEFAULT NULL,
  `city` varchar(255) DEFAULT NULL,
  `state` varchar(10) DEFAULT NULL,
  `zipCode` varchar(5) DEFAULT NULL
) ENGINE=InnoDB DEFAULT CHARSET=utf8mb3 COLLATE=utf8mb3_unicode_ci;

--
-- Déchargement des données de la table `stores`
--

INSERT INTO `stores` (`storeId`, `storeName`, `phone`, `email`, `street`, `city`, `state`, `zipCode`) VALUES
(1, 'Santa Cruz Bikes', '(831) 476-4321', 'santacruz@bikes.shop', '3700 Portola Drive', 'Santa Cruz', 'CA', '95060'),
(2, 'Baldwin Bikes', '(516) 379-8888', 'baldwin@bikes.shop', '4200 Chestnut Lane', 'Baldwin', 'NY', '11432'),
(3, 'Rowlett Bikes', '(972) 530-5555', 'rowlett@bikes.shop', '8000 Fairway Avenue', 'Rowlett', 'TX', '75088');

--
-- Index pour les tables déchargées
--

--
-- Index pour la table `brands`
--
ALTER TABLE `brands`
  ADD PRIMARY KEY (`brandId`);

--
-- Index pour la table `categories`
--
ALTER TABLE `categories`
  ADD PRIMARY KEY (`categoryId`);

--
-- Index pour la table `employees`
--
ALTER TABLE `employees`
  ADD PRIMARY KEY (`employeeId`),
  ADD KEY `IDX_BA82C3002F738A52` (`storeId`);

--
-- Index pour la table `products`
--
ALTER TABLE `products`
  ADD PRIMARY KEY (`productId`);

--
-- Index pour la table `stocks`
--
ALTER TABLE `stocks`
  ADD PRIMARY KEY (`stockId`),
  ADD KEY `IDX_56F798052F738A52` (`storeId`),
  ADD KEY `IDX_56F7980536799605` (`productId`);

--
-- Index pour la table `stores`
--
ALTER TABLE `stores`
  ADD PRIMARY KEY (`storeId`);

--
-- AUTO_INCREMENT pour les tables déchargées
--

--
-- AUTO_INCREMENT pour la table `brands`
--
ALTER TABLE `brands`
  MODIFY `brandId` int(11) NOT NULL AUTO_INCREMENT, AUTO_INCREMENT=10;

--
-- AUTO_INCREMENT pour la table `categories`
--
ALTER TABLE `categories`
  MODIFY `categoryId` int(11) NOT NULL AUTO_INCREMENT, AUTO_INCREMENT=8;

--
-- AUTO_INCREMENT pour la table `employees`
--
ALTER TABLE `employees`
  MODIFY `employeeId` int(11) NOT NULL AUTO_INCREMENT, AUTO_INCREMENT=20;

--
-- AUTO_INCREMENT pour la table `products`
--
ALTER TABLE `products`
  MODIFY `productId` int(11) NOT NULL AUTO_INCREMENT, AUTO_INCREMENT=322;

--
-- AUTO_INCREMENT pour la table `stocks`
--
ALTER TABLE `stocks`
  MODIFY `stockId` int(11) NOT NULL AUTO_INCREMENT, AUTO_INCREMENT=1930;

--
-- AUTO_INCREMENT pour la table `stores`
--
ALTER TABLE `stores`
  MODIFY `storeId` int(11) NOT NULL AUTO_INCREMENT, AUTO_INCREMENT=4;

--
-- Contraintes pour les tables déchargées
--

--
-- Contraintes pour la table `employees`
--
ALTER TABLE `employees`
  ADD CONSTRAINT `FK_BA82C300B092A811` FOREIGN KEY (`storeId`) REFERENCES `stores` (`storeId`);

--
-- Contraintes pour la table `stocks`
--
ALTER TABLE `stocks`
  ADD CONSTRAINT `FK_56F798054584665A` FOREIGN KEY (`productId`) REFERENCES `products` (`productId`),
  ADD CONSTRAINT `FK_56F79805B092A811` FOREIGN KEY (`storeId`) REFERENCES `stores` (`storeId`);
COMMIT;

/*!40101 SET CHARACTER_SET_CLIENT=@OLD_CHARACTER_SET_CLIENT */;
/*!40101 SET CHARACTER_SET_RESULTS=@OLD_CHARACTER_SET_RESULTS */;
/*!40101 SET COLLATION_CONNECTION=@OLD_COLLATION_CONNECTION */;
